2026-06-20T15:28:33.958-04:00  INFO 7408 --- [pedido] [main] cl.duoc.pedido.PedidoApplication         : Starting PedidoApplication using Java 21.0.10 with PID 7408 (C:\Users\xiota\Proyecto-Fullstack\pedido\pedido\target\classes started by xiota in C:\Users\xiota\Proyecto-Fullstack\pedido\pedido)
2026-06-20T15:28:33.996-04:00 DEBUG 7408 --- [pedido] [main] cl.duoc.pedido.PedidoApplication         : Running with Spring Boot v3.5.3, Spring v6.2.8
2026-06-20T15:28:34.003-04:00  INFO 7408 --- [pedido] [main] cl.duoc.pedido.PedidoApplication         : No active profile set, falling back to 1 default profile: "default"
2026-06-20T15:28:34.590-04:00  WARN 7408 --- [pedido] [main] ConfigServletWebServerApplicationContext : Exception encountered during context initialization - cancelling refresh attempt: org.springframework.beans.factory.BeanDefinitionStoreException: Failed to parse configuration class [cl.duoc.pedido.PedidoApplication]
2026-06-20T15:28:35.181-04:00 ERROR 7408 --- [pedido] [main] o.s.boot.SpringApplication               : Application run failed

org.springframework.beans.factory.BeanDefinitionStoreException: Failed to parse configuration class [cl.duoc.pedido.PedidoApplication]
	at org.springframework.context.annotation.ConfigurationClassParser.parse(ConfigurationClassParser.java:194) ~[spring-context-6.2.8.jar:6.2.8]
	at org.springframework.context.annotation.ConfigurationClassPostProcessor.processConfigBeanDefinitions(ConfigurationClassPostProcessor.java:418) ~[spring-context-6.2.8.jar:6.2.8]
	at org.springframework.context.annotation.ConfigurationClassPostProcessor.postProcessBeanDefinitionRegistry(ConfigurationClassPostProcessor.java:290) ~[spring-context-6.2.8.jar:6.2.8]
	at org.springframework.context.support.PostProcessorRegistrationDelegate.invokeBeanDefinitionRegistryPostProcessors(PostProcessorRegistrationDelegate.java:349) ~[spring-context-6.2.8.jar:6.2.8]
	at org.springframework.context.support.PostProcessorRegistrationDelegate.invokeBeanFactoryPostProcessors(PostProcessorRegistrationDelegate.java:118) ~[spring-context-6.2.8.jar:6.2.8]
	at org.springframework.context.support.AbstractApplicationContext.invokeBeanFactoryPostProcessors(AbstractApplicationContext.java:791) ~[spring-context-6.2.8.jar:6.2.8]
	at org.springframework.context.support.AbstractApplicationContext.refresh(AbstractApplicationContext.java:609) ~[spring-context-6.2.8.jar:6.2.8]
	at org.springframework.boot.web.servlet.context.ServletWebServerApplicationContext.refresh(ServletWebServerApplicationContext.java:146) ~[spring-boot-3.5.3.jar:3.5.3]
	at org.springframework.boot.SpringApplication.refresh(SpringApplication.java:752) ~[spring-boot-3.5.3.jar:3.5.3]
	at org.springframework.boot.SpringApplication.refreshContext(SpringApplication.java:439) ~[spring-boot-3.5.3.jar:3.5.3]
	at org.springframework.boot.SpringApplication.run(SpringApplication.java:318) ~[spring-boot-3.5.3.jar:3.5.3]
	at org.springframework.boot.SpringApplication.run(SpringApplication.java:1361) ~[spring-boot-3.5.3.jar:3.5.3]
	at org.springframework.boot.SpringApplication.run(SpringApplication.java:1350) ~[spring-boot-3.5.3.jar:3.5.3]
	at cl.duoc.pedido.PedidoApplication.main(PedidoApplication.java:12) ~[classes/:na]
Caused by: org.springframework.context.annotation.ConflictingBeanDefinitionException: Annotation-specified bean name 'securityConfig' for bean class [cl.duoc.pedido.security.SecurityConfig] conflicts with existing, non-compatible bean definition of same name and class [cl.duoc.pedido.config.SecurityConfig]
	at org.springframework.context.annotation.ClassPathBeanDefinitionScanner.checkCandidate(ClassPathBeanDefinitionScanner.java:361) ~[spring-context-6.2.8.jar:6.2.8]
	at org.springframework.context.annotation.ClassPathBeanDefinitionScanner.doScan(ClassPathBeanDefinitionScanner.java:288) ~[spring-context-6.2.8.jar:6.2.8]
	at org.springframework.context.annotation.ComponentScanAnnotationParser.parse(ComponentScanAnnotationParser.java:128) ~[spring-context-6.2.8.jar:6.2.8]
	at org.springframework.context.annotation.ConfigurationClassParser.doProcessConfigurationClass(ConfigurationClassParser.java:346) ~[spring-context-6.2.8.jar:6.2.8]
	at org.springframework.context.annotation.ConfigurationClassParser.processConfigurationClass(ConfigurationClassParser.java:281) ~[spring-context-6.2.8.jar:6.2.8]
	at org.springframework.context.annotation.ConfigurationClassParser.parse(ConfigurationClassParser.java:204) ~[spring-context-6.2.8.jar:6.2.8]
	at org.springframework.context.annotation.ConfigurationClassParser.parse(ConfigurationClassParser.java:172) ~[spring-context-6.2.8.jar:6.2.8]
	... 13 common frames omitted

2026-06-20T15:32:11.187-04:00  INFO 7732 --- [pedido] [main] cl.duoc.pedido.PedidoApplication         : Starting PedidoApplication using Java 21.0.10 with PID 7732 (C:\Users\xiota\Proyecto-Fullstack\pedido\pedido\target\classes started by xiota in C:\Users\xiota\Proyecto-Fullstack\pedido\pedido)
2026-06-20T15:32:11.199-04:00 DEBUG 7732 --- [pedido] [main] cl.duoc.pedido.PedidoApplication         : Running with Spring Boot v3.5.3, Spring v6.2.8
2026-06-20T15:32:11.208-04:00  INFO 7732 --- [pedido] [main] cl.duoc.pedido.PedidoApplication         : No active profile set, falling back to 1 default profile: "default"
2026-06-20T15:32:14.355-04:00  INFO 7732 --- [pedido] [main] .s.d.r.c.RepositoryConfigurationDelegate : Bootstrapping Spring Data JPA repositories in DEFAULT mode.
2026-06-20T15:32:14.828-04:00  INFO 7732 --- [pedido] [main] .s.d.r.c.RepositoryConfigurationDelegate : Finished Spring Data repository scanning in 436 ms. Found 2 JPA repository interfaces.
2026-06-20T15:32:15.440-04:00  INFO 7732 --- [pedido] [main] o.s.cloud.context.scope.GenericScope     : BeanFactory id=6f5ab00f-b52a-3c97-a7d5-cd656add3a0d
2026-06-20T15:32:16.402-04:00  INFO 7732 --- [pedido] [main] o.s.b.w.embedded.tomcat.TomcatWebServer  : Tomcat initialized with port 8086 (http)
2026-06-20T15:32:16.437-04:00  INFO 7732 --- [pedido] [main] o.apache.catalina.core.StandardService   : Starting service [Tomcat]
2026-06-20T15:32:16.438-04:00  INFO 7732 --- [pedido] [main] o.apache.catalina.core.StandardEngine    : Starting Servlet engine: [Apache Tomcat/10.1.42]
2026-06-20T15:32:16.624-04:00  INFO 7732 --- [pedido] [main] o.a.c.c.C.[Tomcat].[localhost].[/]       : Initializing Spring embedded WebApplicationContext
2026-06-20T15:32:16.625-04:00  INFO 7732 --- [pedido] [main] w.s.c.ServletWebServerApplicationContext : Root WebApplicationContext: initialization completed in 5217 ms
2026-06-20T15:32:16.920-04:00 DEBUG 7732 --- [pedido] [main] cl.duoc.pedido.security.JwtAuthFilter    : Filter 'jwtAuthFilter' configured for use
2026-06-20T15:32:17.072-04:00  INFO 7732 --- [pedido] [main] o.hibernate.jpa.internal.util.LogHelper  : HHH000204: Processing PersistenceUnitInfo [name: default]
2026-06-20T15:32:17.148-04:00  INFO 7732 --- [pedido] [main] org.hibernate.Version                    : HHH000412: Hibernate ORM core version 6.6.18.Final
2026-06-20T15:32:17.198-04:00  INFO 7732 --- [pedido] [main] o.h.c.internal.RegionFactoryInitiator    : HHH000026: Second-level cache disabled
2026-06-20T15:32:17.571-04:00  INFO 7732 --- [pedido] [main] o.s.o.j.p.SpringPersistenceUnitInfo      : No LoadTimeWeaver setup: ignoring JPA class transformer
2026-06-20T15:32:17.621-04:00  INFO 7732 --- [pedido] [main] com.zaxxer.hikari.HikariDataSource       : HikariPool-1 - Starting...
2026-06-20T15:32:17.837-04:00  INFO 7732 --- [pedido] [main] com.zaxxer.hikari.pool.HikariPool        : HikariPool-1 - Added connection com.mysql.cj.jdbc.ConnectionImpl@57617a75
2026-06-20T15:32:17.840-04:00  INFO 7732 --- [pedido] [main] com.zaxxer.hikari.HikariDataSource       : HikariPool-1 - Start completed.
2026-06-20T15:32:17.911-04:00  WARN 7732 --- [pedido] [main] org.hibernate.orm.deprecation            : HHH90000025: MySQLDialect does not need to be specified explicitly using 'hibernate.dialect' (remove the property setting and it will be selected by default)
2026-06-20T15:32:17.940-04:00  INFO 7732 --- [pedido] [main] org.hibernate.orm.connections.pooling    : HHH10001005: Database info:
	Database JDBC URL [Connecting through datasource 'HikariDataSource (HikariPool-1)']
	Database driver: undefined/unknown
	Database version: 8.0.46
	Autocommit mode: undefined/unknown
	Isolation level: undefined/unknown
	Minimum pool size: undefined/unknown
	Maximum pool size: undefined/unknown
2026-06-20T15:32:19.120-04:00  INFO 7732 --- [pedido] [main] o.h.e.t.j.p.i.JtaPlatformInitiator       : HHH000489: No JTA platform available (set 'hibernate.transaction.jta.platform' to enable JTA platform integration)
2026-06-20T15:32:19.201-04:00  INFO 7732 --- [pedido] [main] j.LocalContainerEntityManagerFactoryBean : Initialized JPA EntityManagerFactory for persistence unit 'default'
2026-06-20T15:32:19.823-04:00  WARN 7732 --- [pedido] [main] JpaBaseConfiguration$JpaWebConfiguration : spring.jpa.open-in-view is enabled by default. Therefore, database queries may be performed during view rendering. Explicitly configure spring.jpa.open-in-view to disable this warning
2026-06-20T15:32:19.890-04:00  WARN 7732 --- [pedido] [main] .s.s.UserDetailsServiceAutoConfiguration : 

Using generated security password: 3d47c39e-a987-4d72-9c73-09e6e79ea9b8

This generated password is for development use only. Your security configuration must be updated before running your application in production.

2026-06-20T15:32:19.914-04:00  INFO 7732 --- [pedido] [main] r$InitializeUserDetailsManagerConfigurer : Global AuthenticationManager configured with UserDetailsService bean with name inMemoryUserDetailsManager
2026-06-20T15:32:20.436-04:00  INFO 7732 --- [pedido] [main] o.s.b.a.e.web.EndpointLinksResolver      : Exposing 2 endpoints beneath base path '/actuator'
2026-06-20T15:32:21.250-04:00  INFO 7732 --- [pedido] [main] DiscoveryClientOptionalArgsConfiguration : Eureka HTTP Client uses RestTemplate.
2026-06-20T15:32:21.314-04:00  WARN 7732 --- [pedido] [main] iguration$LoadBalancerCaffeineWarnLogger : Spring Cloud LoadBalancer is currently working with the default cache. While this cache implementation is useful for development and tests, it's recommended to use Caffeine cache in production.You can switch to using Caffeine cache, by adding it and org.springframework.cache.caffeine.CaffeineCacheManager to the classpath.
2026-06-20T15:32:21.462-04:00  INFO 7732 --- [pedido] [main] o.s.c.n.eureka.InstanceInfoFactory       : Setting initial instance status as: STARTING
2026-06-20T15:32:21.502-04:00  INFO 7732 --- [pedido] [main] com.netflix.discovery.DiscoveryClient    : Initializing Eureka in region us-east-1
2026-06-20T15:32:21.508-04:00  INFO 7732 --- [pedido] [main] c.n.d.s.r.aws.ConfigClusterResolver      : Resolving eureka endpoints via configuration
2026-06-20T15:32:21.527-04:00  INFO 7732 --- [pedido] [main] com.netflix.discovery.DiscoveryClient    : Disable delta property : false
2026-06-20T15:32:21.527-04:00  INFO 7732 --- [pedido] [main] com.netflix.discovery.DiscoveryClient    : Single vip registry refresh property : null
2026-06-20T15:32:21.527-04:00  INFO 7732 --- [pedido] [main] com.netflix.discovery.DiscoveryClient    : Force full registry fetch : false
2026-06-20T15:32:21.528-04:00  INFO 7732 --- [pedido] [main] com.netflix.discovery.DiscoveryClient    : Application is null : false
2026-06-20T15:32:21.529-04:00  INFO 7732 --- [pedido] [main] com.netflix.discovery.DiscoveryClient    : Registered Applications size is zero : true
2026-06-20T15:32:21.529-04:00  INFO 7732 --- [pedido] [main] com.netflix.discovery.DiscoveryClient    : Application version is -1: true
2026-06-20T15:32:21.530-04:00  INFO 7732 --- [pedido] [main] com.netflix.discovery.DiscoveryClient    : Getting all instance registry info from the eureka server
2026-06-20T15:32:22.221-04:00  INFO 7732 --- [pedido] [main] com.netflix.discovery.DiscoveryClient    : The response status is 200
2026-06-20T15:32:22.222-04:00  INFO 7732 --- [pedido] [main] com.netflix.discovery.DiscoveryClient    : Starting heartbeat executor: renew interval is: 30
2026-06-20T15:32:22.228-04:00  INFO 7732 --- [pedido] [main] c.n.discovery.InstanceInfoReplicator     : InstanceInfoReplicator onDemand update allowed rate per min is 4
2026-06-20T15:32:22.233-04:00  INFO 7732 --- [pedido] [main] com.netflix.discovery.DiscoveryClient    : Discovery Client initialized at timestamp 1781983942232 with initial instances count: 0
2026-06-20T15:32:22.245-04:00  INFO 7732 --- [pedido] [main] o.s.c.n.e.s.EurekaServiceRegistry        : Registering application PEDIDO with eureka with status UP
2026-06-20T15:32:22.251-04:00  INFO 7732 --- [pedido] [main] com.netflix.discovery.DiscoveryClient    : Saw local status change event StatusChangeEvent [timestamp=1781983942250, current=UP, previous=STARTING]
2026-06-20T15:32:22.260-04:00  INFO 7732 --- [pedido] [DiscoveryClient-InstanceInfoReplicator-%d] com.netflix.discovery.DiscoveryClient    : DiscoveryClient_PEDIDO/pedido:8086: registering service...
2026-06-20T15:32:22.303-04:00  INFO 7732 --- [pedido] [main] o.s.b.w.embedded.tomcat.TomcatWebServer  : Tomcat started on port 8086 (http) with context path '/'
2026-06-20T15:32:22.304-04:00  INFO 7732 --- [pedido] [main] .s.c.n.e.s.EurekaAutoServiceRegistration : Updating port to 8086
2026-06-20T15:32:22.344-04:00  INFO 7732 --- [pedido] [main] cl.duoc.pedido.PedidoApplication         : Started PedidoApplication in 12.799 seconds (process running for 14.096)
2026-06-20T15:32:22.350-04:00  INFO 7732 --- [pedido] [DiscoveryClient-InstanceInfoReplicator-%d] com.netflix.discovery.DiscoveryClient    : DiscoveryClient_PEDIDO/pedido:8086 - registration status: 204
2026-06-20T15:32:52.235-04:00  INFO 7732 --- [pedido] [DiscoveryClient-CacheRefreshExecutor-%d] com.netflix.discovery.DiscoveryClient    : Disable delta property : false
2026-06-20T15:32:52.236-04:00  INFO 7732 --- [pedido] [DiscoveryClient-CacheRefreshExecutor-%d] com.netflix.discovery.DiscoveryClient    : Single vip registry refresh property : null
2026-06-20T15:32:52.237-04:00  INFO 7732 --- [pedido] [DiscoveryClient-CacheRefreshExecutor-%d] com.netflix.discovery.DiscoveryClient    : Force full registry fetch : false
2026-06-20T15:32:52.239-04:00  INFO 7732 --- [pedido] [DiscoveryClient-CacheRefreshExecutor-%d] com.netflix.discovery.DiscoveryClient    : Application is null : false
2026-06-20T15:32:52.240-04:00  INFO 7732 --- [pedido] [DiscoveryClient-CacheRefreshExecutor-%d] com.netflix.discovery.DiscoveryClient    : Registered Applications size is zero : true
2026-06-20T15:32:52.244-04:00  INFO 7732 --- [pedido] [DiscoveryClient-CacheRefreshExecutor-%d] com.netflix.discovery.DiscoveryClient    : Application version is -1: false
2026-06-20T15:32:52.245-04:00  INFO 7732 --- [pedido] [DiscoveryClient-CacheRefreshExecutor-%d] com.netflix.discovery.DiscoveryClient    : Getting all instance registry info from the eureka server
2026-06-20T15:32:52.297-04:00  INFO 7732 --- [pedido] [DiscoveryClient-CacheRefreshExecutor-%d] com.netflix.discovery.DiscoveryClient    : The response status is 200
2026-06-20T15:37:21.536-04:00  INFO 7732 --- [pedido] [AsyncResolver-bootstrap-executor-%d] c.n.d.s.r.aws.ConfigClusterResolver      : Resolving eureka endpoints via configuration
2026-06-20T15:42:21.550-04:00  INFO 7732 --- [pedido] [AsyncResolver-bootstrap-executor-%d] c.n.d.s.r.aws.ConfigClusterResolver      : Resolving eureka endpoints via configuration
2026-06-20T15:47:21.560-04:00  INFO 7732 --- [pedido] [AsyncResolver-bootstrap-executor-%d] c.n.d.s.r.aws.ConfigClusterResolver      : Resolving eureka endpoints via configuration
2026-06-20T15:52:21.571-04:00  INFO 7732 --- [pedido] [AsyncResolver-bootstrap-executor-%d] c.n.d.s.r.aws.ConfigClusterResolver      : Resolving eureka endpoints via configuration
2026-06-20T15:53:19.655-04:00  INFO 7732 --- [pedido] [SpringApplicationShutdownHook] o.s.c.n.e.s.EurekaServiceRegistry        : Unregistering application PEDIDO with eureka with status DOWN
2026-06-20T15:53:19.657-04:00  INFO 7732 --- [pedido] [SpringApplicationShutdownHook] com.netflix.discovery.DiscoveryClient    : Saw local status change event StatusChangeEvent [timestamp=1781985199657, current=DOWN, previous=UP]
2026-06-20T15:53:19.659-04:00  INFO 7732 --- [pedido] [DiscoveryClient-InstanceInfoReplicator-%d] com.netflix.discovery.DiscoveryClient    : DiscoveryClient_PEDIDO/pedido:8086: registering service...
2026-06-20T15:53:19.694-04:00  INFO 7732 --- [pedido] [DiscoveryClient-InstanceInfoReplicator-%d] com.netflix.discovery.DiscoveryClient    : DiscoveryClient_PEDIDO/pedido:8086 - registration status: 204
2026-06-20T15:53:19.708-04:00  INFO 7732 --- [pedido] [SpringApplicationShutdownHook] o.s.b.w.e.tomcat.GracefulShutdown        : Commencing graceful shutdown. Waiting for active requests to complete
2026-06-20T15:53:19.868-04:00  INFO 7732 --- [pedido] [tomcat-shutdown] o.s.b.w.e.tomcat.GracefulShutdown        : Graceful shutdown complete
2026-06-20T15:53:19.939-04:00  INFO 7732 --- [pedido] [SpringApplicationShutdownHook] j.LocalContainerEntityManagerFactoryBean : Closing JPA EntityManagerFactory for persistence unit 'default'
2026-06-20T15:53:19.942-04:00  INFO 7732 --- [pedido] [SpringApplicationShutdownHook] com.zaxxer.hikari.HikariDataSource       : HikariPool-1 - Shutdown initiated...
2026-06-20T15:53:19.966-04:00  INFO 7732 --- [pedido] [SpringApplicationShutdownHook] com.zaxxer.hikari.HikariDataSource       : HikariPool-1 - Shutdown completed.
2026-06-20T15:53:19.973-04:00  INFO 7732 --- [pedido] [SpringApplicationShutdownHook] com.netflix.discovery.DiscoveryClient    : Shutting down DiscoveryClient ...
2026-06-20T15:53:22.985-04:00  INFO 7732 --- [pedido] [SpringApplicationShutdownHook] com.netflix.discovery.DiscoveryClient    : Unregistering ...
2026-06-20T15:53:23.006-04:00  INFO 7732 --- [pedido] [SpringApplicationShutdownHook] com.netflix.discovery.DiscoveryClient    : DiscoveryClient_PEDIDO/pedido:8086 - deregister  status: 200
2026-06-20T15:53:23.007-04:00  INFO 7732 --- [pedido] [SpringApplicationShutdownHook] com.netflix.discovery.DiscoveryClient    : Completed shut down of DiscoveryClient
2026-06-20T15:53:41.721-04:00  INFO 24024 --- [pedido] [main] cl.duoc.pedido.PedidoApplication         : Starting PedidoApplication using Java 21.0.10 with PID 24024 (C:\Users\xiota\Proyecto-Fullstack\pedido\pedido\target\classes started by xiota in C:\Users\xiota\Proyecto-Fullstack\pedido\pedido)
2026-06-20T15:53:41.724-04:00 DEBUG 24024 --- [pedido] [main] cl.duoc.pedido.PedidoApplication         : Running with Spring Boot v3.5.3, Spring v6.2.8
2026-06-20T15:53:41.726-04:00  INFO 24024 --- [pedido] [main] cl.duoc.pedido.PedidoApplication         : No active profile set, falling back to 1 default profile: "default"
2026-06-20T15:53:44.434-04:00  INFO 24024 --- [pedido] [main] .s.d.r.c.RepositoryConfigurationDelegate : Bootstrapping Spring Data JPA repositories in DEFAULT mode.
2026-06-20T15:53:45.357-04:00  INFO 24024 --- [pedido] [main] .s.d.r.c.RepositoryConfigurationDelegate : Finished Spring Data repository scanning in 743 ms. Found 2 JPA repository interfaces.
2026-06-20T15:53:46.160-04:00  INFO 24024 --- [pedido] [main] o.s.cloud.context.scope.GenericScope     : BeanFactory id=6f5ab00f-b52a-3c97-a7d5-cd656add3a0d
2026-06-20T15:53:47.190-04:00  INFO 24024 --- [pedido] [main] o.s.b.w.embedded.tomcat.TomcatWebServer  : Tomcat initialized with port 8086 (http)
2026-06-20T15:53:47.223-04:00  INFO 24024 --- [pedido] [main] o.apache.catalina.core.StandardService   : Starting service [Tomcat]
2026-06-20T15:53:47.225-04:00  INFO 24024 --- [pedido] [main] o.apache.catalina.core.StandardEngine    : Starting Servlet engine: [Apache Tomcat/10.1.42]
2026-06-20T15:53:47.438-04:00  INFO 24024 --- [pedido] [main] o.a.c.c.C.[Tomcat].[localhost].[/]       : Initializing Spring embedded WebApplicationContext
2026-06-20T15:53:47.440-04:00  INFO 24024 --- [pedido] [main] w.s.c.ServletWebServerApplicationContext : Root WebApplicationContext: initialization completed in 5643 ms
2026-06-20T15:53:48.084-04:00 DEBUG 24024 --- [pedido] [main] cl.duoc.pedido.security.JwtAuthFilter    : Filter 'jwtAuthFilter' configured for use
2026-06-20T15:53:48.349-04:00  INFO 24024 --- [pedido] [main] o.hibernate.jpa.internal.util.LogHelper  : HHH000204: Processing PersistenceUnitInfo [name: default]
2026-06-20T15:53:48.487-04:00  INFO 24024 --- [pedido] [main] org.hibernate.Version                    : HHH000412: Hibernate ORM core version 6.6.18.Final
2026-06-20T15:53:48.582-04:00  INFO 24024 --- [pedido] [main] o.h.c.internal.RegionFactoryInitiator    : HHH000026: Second-level cache disabled
2026-06-20T15:53:49.729-04:00  INFO 24024 --- [pedido] [main] o.s.o.j.p.SpringPersistenceUnitInfo      : No LoadTimeWeaver setup: ignoring JPA class transformer
2026-06-20T15:53:49.822-04:00  INFO 24024 --- [pedido] [main] com.zaxxer.hikari.HikariDataSource       : HikariPool-1 - Starting...
2026-06-20T15:53:50.676-04:00  INFO 24024 --- [pedido] [main] com.zaxxer.hikari.pool.HikariPool        : HikariPool-1 - Added connection com.mysql.cj.jdbc.ConnectionImpl@57617a75
2026-06-20T15:53:50.683-04:00  INFO 24024 --- [pedido] [main] com.zaxxer.hikari.HikariDataSource       : HikariPool-1 - Start completed.
2026-06-20T15:53:50.947-04:00  WARN 24024 --- [pedido] [main] org.hibernate.orm.deprecation            : HHH90000025: MySQLDialect does not need to be specified explicitly using 'hibernate.dialect' (remove the property setting and it will be selected by default)
2026-06-20T15:53:51.011-04:00  INFO 24024 --- [pedido] [main] org.hibernate.orm.connections.pooling    : HHH10001005: Database info:
	Database JDBC URL [Connecting through datasource 'HikariDataSource (HikariPool-1)']
	Database driver: undefined/unknown
	Database version: 8.0.46
	Autocommit mode: undefined/unknown
	Isolation level: undefined/unknown
	Minimum pool size: undefined/unknown
	Maximum pool size: undefined/unknown
2026-06-20T15:53:54.491-04:00  INFO 24024 --- [pedido] [main] o.h.e.t.j.p.i.JtaPlatformInitiator       : HHH000489: No JTA platform available (set 'hibernate.transaction.jta.platform' to enable JTA platform integration)
2026-06-20T15:53:54.669-04:00  INFO 24024 --- [pedido] [main] j.LocalContainerEntityManagerFactoryBean : Initialized JPA EntityManagerFactory for persistence unit 'default'
2026-06-20T15:53:56.489-04:00  WARN 24024 --- [pedido] [main] JpaBaseConfiguration$JpaWebConfiguration : spring.jpa.open-in-view is enabled by default. Therefore, database queries may be performed during view rendering. Explicitly configure spring.jpa.open-in-view to disable this warning
2026-06-20T15:53:56.673-04:00  WARN 24024 --- [pedido] [main] .s.s.UserDetailsServiceAutoConfiguration : 

Using generated security password: 60fcb923-cf5f-4684-a688-755767935547

This generated password is for development use only. Your security configuration must be updated before running your application in production.

2026-06-20T15:53:56.708-04:00  INFO 24024 --- [pedido] [main] r$InitializeUserDetailsManagerConfigurer : Global AuthenticationManager configured with UserDetailsService bean with name inMemoryUserDetailsManager
2026-06-20T15:53:58.564-04:00  INFO 24024 --- [pedido] [main] o.s.b.a.e.web.EndpointLinksResolver      : Exposing 2 endpoints beneath base path '/actuator'
2026-06-20T15:54:00.030-04:00  INFO 24024 --- [pedido] [main] DiscoveryClientOptionalArgsConfiguration : Eureka HTTP Client uses RestTemplate.
2026-06-20T15:54:00.144-04:00  WARN 24024 --- [pedido] [main] iguration$LoadBalancerCaffeineWarnLogger : Spring Cloud LoadBalancer is currently working with the default cache. While this cache implementation is useful for development and tests, it's recommended to use Caffeine cache in production.You can switch to using Caffeine cache, by adding it and org.springframework.cache.caffeine.CaffeineCacheManager to the classpath.
2026-06-20T15:54:00.534-04:00  INFO 24024 --- [pedido] [main] o.s.c.n.eureka.InstanceInfoFactory       : Setting initial instance status as: STARTING
2026-06-20T15:54:00.662-04:00  INFO 24024 --- [pedido] [main] com.netflix.discovery.DiscoveryClient    : Initializing Eureka in region us-east-1
2026-06-20T15:54:00.684-04:00  INFO 24024 --- [pedido] [main] c.n.d.s.r.aws.ConfigClusterResolver      : Resolving eureka endpoints via configuration
2026-06-20T15:54:00.712-04:00  INFO 24024 --- [pedido] [main] com.netflix.discovery.DiscoveryClient    : Disable delta property : false
2026-06-20T15:54:00.713-04:00  INFO 24024 --- [pedido] [main] com.netflix.discovery.DiscoveryClient    : Single vip registry refresh property : null
2026-06-20T15:54:00.714-04:00  INFO 24024 --- [pedido] [main] com.netflix.discovery.DiscoveryClient    : Force full registry fetch : false
2026-06-20T15:54:00.714-04:00  INFO 24024 --- [pedido] [main] com.netflix.discovery.DiscoveryClient    : Application is null : false
2026-06-20T15:54:00.715-04:00  INFO 24024 --- [pedido] [main] com.netflix.discovery.DiscoveryClient    : Registered Applications size is zero : true
2026-06-20T15:54:00.716-04:00  INFO 24024 --- [pedido] [main] com.netflix.discovery.DiscoveryClient    : Application version is -1: true
2026-06-20T15:54:00.717-04:00  INFO 24024 --- [pedido] [main] com.netflix.discovery.DiscoveryClient    : Getting all instance registry info from the eureka server
2026-06-20T15:54:02.069-04:00  INFO 24024 --- [pedido] [main] com.netflix.discovery.DiscoveryClient    : The response status is 200
2026-06-20T15:54:02.074-04:00  INFO 24024 --- [pedido] [main] com.netflix.discovery.DiscoveryClient    : Starting heartbeat executor: renew interval is: 30
2026-06-20T15:54:02.081-04:00  INFO 24024 --- [pedido] [main] c.n.discovery.InstanceInfoReplicator     : InstanceInfoReplicator onDemand update allowed rate per min is 4
2026-06-20T15:54:02.088-04:00  INFO 24024 --- [pedido] [main] com.netflix.discovery.DiscoveryClient    : Discovery Client initialized at timestamp 1781985242086 with initial instances count: 2
2026-06-20T15:54:02.110-04:00  INFO 24024 --- [pedido] [main] o.s.c.n.e.s.EurekaServiceRegistry        : Registering application PEDIDO with eureka with status UP
2026-06-20T15:54:02.113-04:00  INFO 24024 --- [pedido] [main] com.netflix.discovery.DiscoveryClient    : Saw local status change event StatusChangeEvent [timestamp=1781985242113, current=UP, previous=STARTING]
2026-06-20T15:54:02.123-04:00  INFO 24024 --- [pedido] [DiscoveryClient-InstanceInfoReplicator-%d] com.netflix.discovery.DiscoveryClient    : DiscoveryClient_PEDIDO/pedido:8086: registering service...
2026-06-20T15:54:02.239-04:00  INFO 24024 --- [pedido] [main] o.s.b.w.embedded.tomcat.TomcatWebServer  : Tomcat started on port 8086 (http) with context path '/'
2026-06-20T15:54:02.255-04:00  INFO 24024 --- [pedido] [main] .s.c.n.e.s.EurekaAutoServiceRegistration : Updating port to 8086
2026-06-20T15:54:02.333-04:00  INFO 24024 --- [pedido] [DiscoveryClient-InstanceInfoReplicator-%d] com.netflix.discovery.DiscoveryClient    : DiscoveryClient_PEDIDO/pedido:8086 - registration status: 204
2026-06-20T15:54:02.384-04:00  INFO 24024 --- [pedido] [main] cl.duoc.pedido.PedidoApplication         : Started PedidoApplication in 21.421 seconds (process running for 22.496)
2026-06-20T15:59:00.731-04:00  INFO 24024 --- [pedido] [AsyncResolver-bootstrap-executor-%d] c.n.d.s.r.aws.ConfigClusterResolver      : Resolving eureka endpoints via configuration
2026-06-20T16:04:00.738-04:00  INFO 24024 --- [pedido] [AsyncResolver-bootstrap-executor-%d] c.n.d.s.r.aws.ConfigClusterResolver      : Resolving eureka endpoints via configuration
2026-06-20T16:09:00.752-04:00  INFO 24024 --- [pedido] [AsyncResolver-bootstrap-executor-%d] c.n.d.s.r.aws.ConfigClusterResolver      : Resolving eureka endpoints via configuration
2026-06-20T16:14:00.755-04:00  INFO 24024 --- [pedido] [AsyncResolver-bootstrap-executor-%d] c.n.d.s.r.aws.ConfigClusterResolver      : Resolving eureka endpoints via configuration
2026-06-20T16:19:00.769-04:00  INFO 24024 --- [pedido] [AsyncResolver-bootstrap-executor-%d] c.n.d.s.r.aws.ConfigClusterResolver      : Resolving eureka endpoints via configuration
2026-06-20T16:24:00.785-04:00  INFO 24024 --- [pedido] [AsyncResolver-bootstrap-executor-%d] c.n.d.s.r.aws.ConfigClusterResolver      : Resolving eureka endpoints via configuration
2026-06-20T16:29:00.787-04:00  INFO 24024 --- [pedido] [AsyncResolver-bootstrap-executor-%d] c.n.d.s.r.aws.ConfigClusterResolver      : Resolving eureka endpoints via configuration
2026-06-20T16:34:00.798-04:00  INFO 24024 --- [pedido] [AsyncResolver-bootstrap-executor-%d] c.n.d.s.r.aws.ConfigClusterResolver      : Resolving eureka endpoints via configuration
2026-06-20T16:39:00.815-04:00  INFO 24024 --- [pedido] [AsyncResolver-bootstrap-executor-%d] c.n.d.s.r.aws.ConfigClusterResolver      : Resolving eureka endpoints via configuration
2026-06-20T16:44:00.831-04:00  INFO 24024 --- [pedido] [AsyncResolver-bootstrap-executor-%d] c.n.d.s.r.aws.ConfigClusterResolver      : Resolving eureka endpoints via configuration
2026-06-20T16:49:00.844-04:00  INFO 24024 --- [pedido] [AsyncResolver-bootstrap-executor-%d] c.n.d.s.r.aws.ConfigClusterResolver      : Resolving eureka endpoints via configuration
2026-06-20T16:54:00.846-04:00  INFO 24024 --- [pedido] [AsyncResolver-bootstrap-executor-%d] c.n.d.s.r.aws.ConfigClusterResolver      : Resolving eureka endpoints via configuration
2026-06-20T16:59:00.854-04:00  INFO 24024 --- [pedido] [AsyncResolver-bootstrap-executor-%d] c.n.d.s.r.aws.ConfigClusterResolver      : Resolving eureka endpoints via configuration
2026-06-20T17:04:00.871-04:00  INFO 24024 --- [pedido] [AsyncResolver-bootstrap-executor-%d] c.n.d.s.r.aws.ConfigClusterResolver      : Resolving eureka endpoints via configuration
2026-06-20T17:04:14.675-04:00  INFO 24024 --- [pedido] [http-nio-8086-exec-1] o.a.c.c.C.[Tomcat].[localhost].[/]       : Initializing Spring DispatcherServlet 'dispatcherServlet'
2026-06-20T17:04:14.703-04:00  INFO 24024 --- [pedido] [http-nio-8086-exec-1] o.s.web.servlet.DispatcherServlet        : Initializing Servlet 'dispatcherServlet'
2026-06-20T17:04:14.853-04:00  INFO 24024 --- [pedido] [http-nio-8086-exec-1] o.s.web.servlet.DispatcherServlet        : Completed initialization in 135 ms
2026-06-20T17:04:16.070-04:00  INFO 24024 --- [pedido] [http-nio-8086-exec-1] c.d.pedido.controller.OrderController    : Creando pedido para usuario 1
2026-06-20T17:04:16.072-04:00  INFO 24024 --- [pedido] [http-nio-8086-exec-1] cl.duoc.pedido.service.OrderService      : Creando pedido para usuario 1
2026-06-20T17:04:18.824-04:00 ERROR 24024 --- [pedido] [http-nio-8086-exec-1] c.d.p.e.handler.GlobalExceptionHandler   : Error inesperado

org.springframework.web.reactive.function.client.WebClientResponseException$Forbidden: 403 Forbidden from GET http://172.20.64.1:8082/api/cart
	at org.springframework.web.reactive.function.client.WebClientResponseException.create(WebClientResponseException.java:323) ~[spring-webflux-6.2.8.jar:6.2.8]
	Suppressed: reactor.core.publisher.FluxOnAssembly$OnAssemblyException: 
Error has been observed at the following site(s):
	*__checkpoint ⇢ 403 FORBIDDEN from GET http://cart/api/cart [DefaultWebClient]
Original Stack Trace:
		at org.springframework.web.reactive.function.client.WebClientResponseException.create(WebClientResponseException.java:323) ~[spring-webflux-6.2.8.jar:6.2.8]
		at org.springframework.web.reactive.function.client.DefaultClientResponse.lambda$createException$1(DefaultClientResponse.java:214) ~[spring-webflux-6.2.8.jar:6.2.8]
		at reactor.core.publisher.FluxMap$MapSubscriber.onNext(FluxMap.java:106) ~[reactor-core-3.7.7.jar:3.7.7]
		at reactor.core.publisher.FluxOnErrorReturn$ReturnSubscriber.onNext(FluxOnErrorReturn.java:162) ~[reactor-core-3.7.7.jar:3.7.7]
		at reactor.core.publisher.Operators$BaseFluxToMonoOperator.completePossiblyEmpty(Operators.java:2096) ~[reactor-core-3.7.7.jar:3.7.7]
		at reactor.core.publisher.FluxDefaultIfEmpty$DefaultIfEmptySubscriber.onComplete(FluxDefaultIfEmpty.java:134) ~[reactor-core-3.7.7.jar:3.7.7]
		at reactor.core.publisher.FluxMapFuseable$MapFuseableSubscriber.onComplete(FluxMapFuseable.java:152) ~[reactor-core-3.7.7.jar:3.7.7]
		at reactor.core.publisher.FluxContextWrite$ContextWriteSubscriber.onComplete(FluxContextWrite.java:126) ~[reactor-core-3.7.7.jar:3.7.7]
		at reactor.core.publisher.FluxMapFuseable$MapFuseableConditionalSubscriber.onComplete(FluxMapFuseable.java:350) ~[reactor-core-3.7.7.jar:3.7.7]
		at reactor.core.publisher.FluxFilterFuseable$FilterFuseableConditionalSubscriber.onComplete(FluxFilterFuseable.java:391) ~[reactor-core-3.7.7.jar:3.7.7]
		at reactor.core.publisher.Operators$BaseFluxToMonoOperator.completePossiblyEmpty(Operators.java:2097) ~[reactor-core-3.7.7.jar:3.7.7]
		at reactor.core.publisher.MonoCollect$CollectSubscriber.onComplete(MonoCollect.java:145) ~[reactor-core-3.7.7.jar:3.7.7]
		at reactor.core.publisher.FluxMap$MapSubscriber.onComplete(FluxMap.java:144) ~[reactor-core-3.7.7.jar:3.7.7]
		at reactor.core.publisher.FluxPeek$PeekSubscriber.onComplete(FluxPeek.java:260) ~[reactor-core-3.7.7.jar:3.7.7]
		at reactor.core.publisher.FluxMap$MapSubscriber.onComplete(FluxMap.java:144) ~[reactor-core-3.7.7.jar:3.7.7]
		at reactor.netty.channel.FluxReceive.onInboundComplete(FluxReceive.java:413) ~[reactor-netty-core-1.2.7.jar:1.2.7]
		at reactor.netty.channel.ChannelOperations.onInboundComplete(ChannelOperations.java:455) ~[reactor-netty-core-1.2.7.jar:1.2.7]
		at reactor.netty.channel.ChannelOperations.terminate(ChannelOperations.java:509) ~[reactor-netty-core-1.2.7.jar:1.2.7]
		at reactor.netty.http.client.HttpClientOperations.onInboundNext(HttpClientOperations.java:821) ~[reactor-netty-http-1.2.7.jar:1.2.7]
		at reactor.netty.channel.ChannelOperationsHandler.channelRead(ChannelOperationsHandler.java:115) ~[reactor-netty-core-1.2.7.jar:1.2.7]
		at io.netty.channel.AbstractChannelHandlerContext.invokeChannelRead(AbstractChannelHandlerContext.java:444) ~[netty-transport-4.1.122.Final.jar:4.1.122.Final]
		at io.netty.channel.AbstractChannelHandlerContext.invokeChannelRead(AbstractChannelHandlerContext.java:420) ~[netty-transport-4.1.122.Final.jar:4.1.122.Final]
		at io.netty.channel.AbstractChannelHandlerContext.fireChannelRead(AbstractChannelHandlerContext.java:412) ~[netty-transport-4.1.122.Final.jar:4.1.122.Final]
		at io.netty.handler.codec.MessageToMessageDecoder.channelRead(MessageToMessageDecoder.java:107) ~[netty-codec-4.1.122.Final.jar:4.1.122.Final]
		at io.netty.channel.AbstractChannelHandlerContext.invokeChannelRead(AbstractChannelHandlerContext.java:444) ~[netty-transport-4.1.122.Final.jar:4.1.122.Final]
		at io.netty.channel.AbstractChannelHandlerContext.invokeChannelRead(AbstractChannelHandlerContext.java:420) ~[netty-transport-4.1.122.Final.jar:4.1.122.Final]
		at io.netty.channel.AbstractChannelHandlerContext.fireChannelRead(AbstractChannelHandlerContext.java:412) ~[netty-transport-4.1.122.Final.jar:4.1.122.Final]
		at io.netty.channel.CombinedChannelDuplexHandler$DelegatingChannelHandlerContext.fireChannelRead(CombinedChannelDuplexHandler.java:436) ~[netty-transport-4.1.122.Final.jar:4.1.122.Final]
		at io.netty.handler.codec.ByteToMessageDecoder.fireChannelRead(ByteToMessageDecoder.java:346) ~[netty-codec-4.1.122.Final.jar:4.1.122.Final]
		at io.netty.handler.codec.ByteToMessageDecoder.channelRead(ByteToMessageDecoder.java:318) ~[netty-codec-4.1.122.Final.jar:4.1.122.Final]
		at io.netty.channel.CombinedChannelDuplexHandler.channelRead(CombinedChannelDuplexHandler.java:251) ~[netty-transport-4.1.122.Final.jar:4.1.122.Final]
		at io.netty.channel.AbstractChannelHandlerContext.invokeChannelRead(AbstractChannelHandlerContext.java:442) ~[netty-transport-4.1.122.Final.jar:4.1.122.Final]
		at io.netty.channel.AbstractChannelHandlerContext.invokeChannelRead(AbstractChannelHandlerContext.java:420) ~[netty-transport-4.1.122.Final.jar:4.1.122.Final]
		at io.netty.channel.AbstractChannelHandlerContext.fireChannelRead(AbstractChannelHandlerContext.java:412) ~[netty-transport-4.1.122.Final.jar:4.1.122.Final]
		at io.netty.channel.DefaultChannelPipeline$HeadContext.channelRead(DefaultChannelPipeline.java:1357) ~[netty-transport-4.1.122.Final.jar:4.1.122.Final]
		at io.netty.channel.AbstractChannelHandlerContext.invokeChannelRead(AbstractChannelHandlerContext.java:440) ~[netty-transport-4.1.122.Final.jar:4.1.122.Final]
		at io.netty.channel.AbstractChannelHandlerContext.invokeChannelRead(AbstractChannelHandlerContext.java:420) ~[netty-transport-4.1.122.Final.jar:4.1.122.Final]
		at io.netty.channel.DefaultChannelPipeline.fireChannelRead(DefaultChannelPipeline.java:868) ~[netty-transport-4.1.122.Final.jar:4.1.122.Final]
		at io.netty.channel.nio.AbstractNioByteChannel$NioByteUnsafe.read(AbstractNioByteChannel.java:166) ~[netty-transport-4.1.122.Final.jar:4.1.122.Final]
		at io.netty.channel.nio.NioEventLoop.processSelectedKey(NioEventLoop.java:796) ~[netty-transport-4.1.122.Final.jar:4.1.122.Final]
		at io.netty.channel.nio.NioEventLoop.processSelectedKeysOptimized(NioEventLoop.java:732) ~[netty-transport-4.1.122.Final.jar:4.1.122.Final]
		at io.netty.channel.nio.NioEventLoop.processSelectedKeys(NioEventLoop.java:658) ~[netty-transport-4.1.122.Final.jar:4.1.122.Final]
		at io.netty.channel.nio.NioEventLoop.run(NioEventLoop.java:562) ~[netty-transport-4.1.122.Final.jar:4.1.122.Final]
		at io.netty.util.concurrent.SingleThreadEventExecutor$4.run(SingleThreadEventExecutor.java:998) ~[netty-common-4.1.122.Final.jar:4.1.122.Final]
		at io.netty.util.internal.ThreadExecutorMap$2.run(ThreadExecutorMap.java:74) ~[netty-common-4.1.122.Final.jar:4.1.122.Final]
		at io.netty.util.concurrent.FastThreadLocalRunnable.run(FastThreadLocalRunnable.java:30) ~[netty-common-4.1.122.Final.jar:4.1.122.Final]
		at java.base/java.lang.Thread.run(Thread.java:1583) ~[na:na]
	Suppressed: java.lang.Exception: #block terminated with an error
		at reactor.core.publisher.BlockingSingleSubscriber.blockingGet(BlockingSingleSubscriber.java:104) ~[reactor-core-3.7.7.jar:3.7.7]
		at reactor.core.publisher.Mono.block(Mono.java:1779) ~[reactor-core-3.7.7.jar:3.7.7]
		at cl.duoc.pedido.Client.CartClient.getCartItems(CartClient.java:25) ~[classes/:na]
		at cl.duoc.pedido.service.OrderService.createOrder(OrderService.java:60) ~[classes/:na]
		at cl.duoc.pedido.controller.OrderController.createOrder(OrderController.java:40) ~[classes/:na]
		at java.base/jdk.internal.reflect.DirectMethodHandleAccessor.invoke(DirectMethodHandleAccessor.java:103) ~[na:na]
		at java.base/java.lang.reflect.Method.invoke(Method.java:580) ~[na:na]
		at org.springframework.web.method.support.InvocableHandlerMethod.doInvoke(InvocableHandlerMethod.java:258) ~[spring-web-6.2.8.jar:6.2.8]
		at org.springframework.web.method.support.InvocableHandlerMethod.invokeForRequest(InvocableHandlerMethod.java:191) ~[spring-web-6.2.8.jar:6.2.8]
		at org.springframework.web.servlet.mvc.method.annotation.ServletInvocableHandlerMethod.invokeAndHandle(ServletInvocableHandlerMethod.java:118) ~[spring-webmvc-6.2.8.jar:6.2.8]
		at org.springframework.web.servlet.mvc.method.annotation.RequestMappingHandlerAdapter.invokeHandlerMethod(RequestMappingHandlerAdapter.java:986) ~[spring-webmvc-6.2.8.jar:6.2.8]
		at org.springframework.web.servlet.mvc.method.annotation.RequestMappingHandlerAdapter.handleInternal(RequestMappingHandlerAdapter.java:891) ~[spring-webmvc-6.2.8.jar:6.2.8]
		at org.springframework.web.servlet.mvc.method.AbstractHandlerMethodAdapter.handle(AbstractHandlerMethodAdapter.java:87) ~[spring-webmvc-6.2.8.jar:6.2.8]
		at org.springframework.web.servlet.DispatcherServlet.doDispatch(DispatcherServlet.java:1089) ~[spring-webmvc-6.2.8.jar:6.2.8]
		at org.springframework.web.servlet.DispatcherServlet.doService(DispatcherServlet.java:979) ~[spring-webmvc-6.2.8.jar:6.2.8]
		at org.springframework.web.servlet.FrameworkServlet.processRequest(FrameworkServlet.java:1014) ~[spring-webmvc-6.2.8.jar:6.2.8]
		at org.springframework.web.servlet.FrameworkServlet.doPost(FrameworkServlet.java:914) ~[spring-webmvc-6.2.8.jar:6.2.8]
		at jakarta.servlet.http.HttpServlet.service(HttpServlet.java:590) ~[tomcat-embed-core-10.1.42.jar:6.0]
		at org.springframework.web.servlet.FrameworkServlet.service(FrameworkServlet.java:885) ~[spring-webmvc-6.2.8.jar:6.2.8]
		at jakarta.servlet.http.HttpServlet.service(HttpServlet.java:658) ~[tomcat-embed-core-10.1.42.jar:6.0]
		at org.apache.catalina.core.ApplicationFilterChain.internalDoFilter(ApplicationFilterChain.java:195) ~[tomcat-embed-core-10.1.42.jar:10.1.42]
		at org.apache.catalina.core.ApplicationFilterChain.doFilter(ApplicationFilterChain.java:140) ~[tomcat-embed-core-10.1.42.jar:10.1.42]
		at org.apache.tomcat.websocket.server.WsFilter.doFilter(WsFilter.java:51) ~[tomcat-embed-websocket-10.1.42.jar:10.1.42]
		at org.apache.catalina.core.ApplicationFilterChain.internalDoFilter(ApplicationFilterChain.java:164) ~[tomcat-embed-core-10.1.42.jar:10.1.42]
		at org.apache.catalina.core.ApplicationFilterChain.doFilter(ApplicationFilterChain.java:140) ~[tomcat-embed-core-10.1.42.jar:10.1.42]
		at org.springframework.web.filter.OncePerRequestFilter.doFilter(OncePerRequestFilter.java:110) ~[spring-web-6.2.8.jar:6.2.8]
		at org.apache.catalina.core.ApplicationFilterChain.internalDoFilter(ApplicationFilterChain.java:164) ~[tomcat-embed-core-10.1.42.jar:10.1.42]
		at org.apache.catalina.core.ApplicationFilterChain.doFilter(ApplicationFilterChain.java:140) ~[tomcat-embed-core-10.1.42.jar:10.1.42]
		at org.springframework.web.filter.CompositeFilter$VirtualFilterChain.doFilter(CompositeFilter.java:108) ~[spring-web-6.2.8.jar:6.2.8]
		at org.springframework.web.filter.CompositeFilter$VirtualFilterChain.doFilter(CompositeFilter.java:108) ~[spring-web-6.2.8.jar:6.2.8]
		at org.springframework.security.web.FilterChainProxy.lambda$doFilterInternal$3(FilterChainProxy.java:231) ~[spring-security-web-6.5.1.jar:6.5.1]
		at org.springframework.security.web.ObservationFilterChainDecorator$FilterObservation$SimpleFilterObservation.lambda$wrap$1(ObservationFilterChainDecorator.java:479) ~[spring-security-web-6.5.1.jar:6.5.1]
		at org.springframework.security.web.ObservationFilterChainDecorator$AroundFilterObservation$SimpleAroundFilterObservation.lambda$wrap$1(ObservationFilterChainDecorator.java:340) ~[spring-security-web-6.5.1.jar:6.5.1]
		at org.springframework.security.web.ObservationFilterChainDecorator.lambda$wrapSecured$0(ObservationFilterChainDecorator.java:82) ~[spring-security-web-6.5.1.jar:6.5.1]
		at org.springframework.security.web.ObservationFilterChainDecorator$VirtualFilterChain.doFilter(ObservationFilterChainDecorator.java:128) ~[spring-security-web-6.5.1.jar:6.5.1]
		at org.springframework.security.web.access.intercept.AuthorizationFilter.doFilter(AuthorizationFilter.java:101) ~[spring-security-web-6.5.1.jar:6.5.1]
		at org.springframework.security.web.ObservationFilterChainDecorator$ObservationFilter.wrapFilter(ObservationFilterChainDecorator.java:240) ~[spring-security-web-6.5.1.jar:6.5.1]
		at org.springframework.security.web.ObservationFilterChainDecorator$ObservationFilter.doFilter(ObservationFilterChainDecorator.java:227) ~[spring-security-web-6.5.1.jar:6.5.1]
		at org.springframework.security.web.ObservationFilterChainDecorator$VirtualFilterChain.doFilter(ObservationFilterChainDecorator.java:137) ~[spring-security-web-6.5.1.jar:6.5.1]
		at org.springframework.security.web.access.ExceptionTranslationFilter.doFilter(ExceptionTranslationFilter.java:125) ~[spring-security-web-6.5.1.jar:6.5.1]
		at org.springframework.security.web.access.ExceptionTranslationFilter.doFilter(ExceptionTranslationFilter.java:119) ~[spring-security-web-6.5.1.jar:6.5.1]
		at org.springframework.security.web.ObservationFilterChainDecorator$ObservationFilter.wrapFilter(ObservationFilterChainDecorator.java:240) ~[spring-security-web-6.5.1.jar:6.5.1]
		at org.springframework.security.web.ObservationFilterChainDecorator$ObservationFilter.doFilter(ObservationFilterChainDecorator.java:227) ~[spring-security-web-6.5.1.jar:6.5.1]
		at org.springframework.security.web.ObservationFilterChainDecorator$VirtualFilterChain.doFilter(ObservationFilterChainDecorator.java:137) ~[spring-security-web-6.5.1.jar:6.5.1]
		at org.springframework.security.web.session.SessionManagementFilter.doFilter(SessionManagementFilter.java:131) ~[spring-security-web-6.5.1.jar:6.5.1]
		at org.springframework.security.web.session.SessionManagementFilter.doFilter(SessionManagementFilter.java:85) ~[spring-security-web-6.5.1.jar:6.5.1]
		at org.springframework.security.web.ObservationFilterChainDecorator$ObservationFilter.wrapFilter(ObservationFilterChainDecorator.java:240) ~[spring-security-web-6.5.1.jar:6.5.1]
		at org.springframework.security.web.ObservationFilterChainDecorator$ObservationFilter.doFilter(ObservationFilterChainDecorator.java:227) ~[spring-security-web-6.5.1.jar:6.5.1]
		at org.springframework.security.web.ObservationFilterChainDecorator$VirtualFilterChain.doFilter(ObservationFilterChainDecorator.java:137) ~[spring-security-web-6.5.1.jar:6.5.1]
		at org.springframework.security.web.authentication.AnonymousAuthenticationFilter.doFilter(AnonymousAuthenticationFilter.java:100) ~[spring-security-web-6.5.1.jar:6.5.1]
		at org.springframework.security.web.ObservationFilterChainDecorator$ObservationFilter.wrapFilter(ObservationFilterChainDecorator.java:240) ~[spring-security-web-6.5.1.jar:6.5.1]
		at org.springframework.security.web.ObservationFilterChainDecorator$ObservationFilter.doFilter(ObservationFilterChainDecorator.java:227) ~[spring-security-web-6.5.1.jar:6.5.1]
		at org.springframework.security.web.ObservationFilterChainDecorator$VirtualFilterChain.doFilter(ObservationFilterChainDecorator.java:137) ~[spring-security-web-6.5.1.jar:6.5.1]
		at org.springframework.security.web.servletapi.SecurityContextHolderAwareRequestFilter.doFilter(SecurityContextHolderAwareRequestFilter.java:179) ~[spring-security-web-6.5.1.jar:6.5.1]
		at org.springframework.security.web.ObservationFilterChainDecorator$ObservationFilter.wrapFilter(ObservationFilterChainDecorator.java:240) ~[spring-security-web-6.5.1.jar:6.5.1]
		at org.springframework.security.web.ObservationFilterChainDecorator$ObservationFilter.doFilter(ObservationFilterChainDecorator.java:227) ~[spring-security-web-6.5.1.jar:6.5.1]
		at org.springframework.security.web.ObservationFilterChainDecorator$VirtualFilterChain.doFilter(ObservationFilterChainDecorator.java:137) ~[spring-security-web-6.5.1.jar:6.5.1]
		at org.springframework.security.web.savedrequest.RequestCacheAwareFilter.doFilter(RequestCacheAwareFilter.java:63) ~[spring-security-web-6.5.1.jar:6.5.1]
		at org.springframework.security.web.ObservationFilterChainDecorator$ObservationFilter.wrapFilter(ObservationFilterChainDecorator.java:240) ~[spring-security-web-6.5.1.jar:6.5.1]
		at org.springframework.security.web.ObservationFilterChainDecorator$ObservationFilter.doFilter(ObservationFilterChainDecorator.java:227) ~[spring-security-web-6.5.1.jar:6.5.1]
		at org.springframework.security.web.ObservationFilterChainDecorator$VirtualFilterChain.doFilter(ObservationFilterChainDecorator.java:137) ~[spring-security-web-6.5.1.jar:6.5.1]
		at cl.duoc.pedido.security.JwtAuthFilter.doFilterInternal(JwtAuthFilter.java:67) ~[classes/:na]
		at org.springframework.web.filter.OncePerRequestFilter.doFilter(OncePerRequestFilter.java:116) ~[spring-web-6.2.8.jar:6.2.8]
		at org.springframework.security.web.ObservationFilterChainDecorator$ObservationFilter.wrapFilter(ObservationFilterChainDecorator.java:240) ~[spring-security-web-6.5.1.jar:6.5.1]
		at org.springframework.security.web.ObservationFilterChainDecorator$ObservationFilter.doFilter(ObservationFilterChainDecorator.java:227) ~[spring-security-web-6.5.1.jar:6.5.1]
		at org.springframework.security.web.ObservationFilterChainDecorator$VirtualFilterChain.doFilter(ObservationFilterChainDecorator.java:137) ~[spring-security-web-6.5.1.jar:6.5.1]
		at org.springframework.security.web.authentication.logout.LogoutFilter.doFilter(LogoutFilter.java:107) ~[spring-security-web-6.5.1.jar:6.5.1]
		at org.springframework.security.web.authentication.logout.LogoutFilter.doFilter(LogoutFilter.java:93) ~[spring-security-web-6.5.1.jar:6.5.1]
		at org.springframework.security.web.ObservationFilterChainDecorator$ObservationFilter.wrapFilter(ObservationFilterChainDecorator.java:240) ~[spring-security-web-6.5.1.jar:6.5.1]
		at org.springframework.security.web.ObservationFilterChainDecorator$ObservationFilter.doFilter(ObservationFilterChainDecorator.java:227) ~[spring-security-web-6.5.1.jar:6.5.1]
		at org.springframework.security.web.ObservationFilterChainDecorator$VirtualFilterChain.doFilter(ObservationFilterChainDecorator.java:137) ~[spring-security-web-6.5.1.jar:6.5.1]
		at org.springframework.security.web.header.HeaderWriterFilter.doHeadersAfter(HeaderWriterFilter.java:90) ~[spring-security-web-6.5.1.jar:6.5.1]
		at org.springframework.security.web.header.HeaderWriterFilter.doFilterInternal(HeaderWriterFilter.java:75) ~[spring-security-web-6.5.1.jar:6.5.1]
		at org.springframework.web.filter.OncePerRequestFilter.doFilter(OncePerRequestFilter.java:116) ~[spring-web-6.2.8.jar:6.2.8]
		at org.springframework.security.web.ObservationFilterChainDecorator$ObservationFilter.wrapFilter(ObservationFilterChainDecorator.java:240) ~[spring-security-web-6.5.1.jar:6.5.1]
		at org.springframework.security.web.ObservationFilterChainDecorator$ObservationFilter.doFilter(ObservationFilterChainDecorator.java:227) ~[spring-security-web-6.5.1.jar:6.5.1]
		at org.springframework.security.web.ObservationFilterChainDecorator$VirtualFilterChain.doFilter(ObservationFilterChainDecorator.java:137) ~[spring-security-web-6.5.1.jar:6.5.1]
		at org.springframework.security.web.context.SecurityContextHolderFilter.doFilter(SecurityContextHolderFilter.java:82) ~[spring-security-web-6.5.1.jar:6.5.1]
		at org.springframework.security.web.context.SecurityContextHolderFilter.doFilter(SecurityContextHolderFilter.java:69) ~[spring-security-web-6.5.1.jar:6.5.1]
		at org.springframework.security.web.ObservationFilterChainDecorator$ObservationFilter.wrapFilter(ObservationFilterChainDecorator.java:240) ~[spring-security-web-6.5.1.jar:6.5.1]
		at org.springframework.security.web.ObservationFilterChainDecorator$ObservationFilter.doFilter(ObservationFilterChainDecorator.java:227) ~[spring-security-web-6.5.1.jar:6.5.1]
		at org.springframework.security.web.ObservationFilterChainDecorator$VirtualFilterChain.doFilter(ObservationFilterChainDecorator.java:137) ~[spring-security-web-6.5.1.jar:6.5.1]
		at org.springframework.security.web.context.request.async.WebAsyncManagerIntegrationFilter.doFilterInternal(WebAsyncManagerIntegrationFilter.java:62) ~[spring-security-web-6.5.1.jar:6.5.1]
		at org.springframework.web.filter.OncePerRequestFilter.doFilter(OncePerRequestFilter.java:116) ~[spring-web-6.2.8.jar:6.2.8]
		at org.springframework.security.web.ObservationFilterChainDecorator$ObservationFilter.wrapFilter(ObservationFilterChainDecorator.java:240) ~[spring-security-web-6.5.1.jar:6.5.1]
		at org.springframework.security.web.ObservationFilterChainDecorator$ObservationFilter.doFilter(ObservationFilterChainDecorator.java:227) ~[spring-security-web-6.5.1.jar:6.5.1]
		at org.springframework.security.web.ObservationFilterChainDecorator$VirtualFilterChain.doFilter(ObservationFilterChainDecorator.java:137) ~[spring-security-web-6.5.1.jar:6.5.1]
		at org.springframework.security.web.session.DisableEncodeUrlFilter.doFilterInternal(DisableEncodeUrlFilter.java:42) ~[spring-security-web-6.5.1.jar:6.5.1]
		at org.springframework.web.filter.OncePerRequestFilter.doFilter(OncePerRequestFilter.java:116) ~[spring-web-6.2.8.jar:6.2.8]
		at org.springframework.security.web.ObservationFilterChainDecorator$ObservationFilter.wrapFilter(ObservationFilterChainDecorator.java:240) ~[spring-security-web-6.5.1.jar:6.5.1]
		at org.springframework.security.web.ObservationFilterChainDecorator$AroundFilterObservation$SimpleAroundFilterObservation.lambda$wrap$0(ObservationFilterChainDecorator.java:323) ~[spring-security-web-6.5.1.jar:6.5.1]
		at org.springframework.security.web.ObservationFilterChainDecorator$ObservationFilter.doFilter(ObservationFilterChainDecorator.java:224) ~[spring-security-web-6.5.1.jar:6.5.1]
		at org.springframework.security.web.ObservationFilterChainDecorator$VirtualFilterChain.doFilter(ObservationFilterChainDecorator.java:137) ~[spring-security-web-6.5.1.jar:6.5.1]
		at org.springframework.security.web.FilterChainProxy.doFilterInternal(FilterChainProxy.java:233) ~[spring-security-web-6.5.1.jar:6.5.1]
		at org.springframework.security.web.FilterChainProxy.doFilter(FilterChainProxy.java:191) ~[spring-security-web-6.5.1.jar:6.5.1]
		at org.springframework.web.filter.CompositeFilter$VirtualFilterChain.doFilter(CompositeFilter.java:113) ~[spring-web-6.2.8.jar:6.2.8]
		at org.springframework.web.filter.ServletRequestPathFilter.doFilter(ServletRequestPathFilter.java:52) ~[spring-web-6.2.8.jar:6.2.8]
		at org.springframework.web.filter.CompositeFilter$VirtualFilterChain.doFilter(CompositeFilter.java:113) ~[spring-web-6.2.8.jar:6.2.8]
		at org.springframework.web.filter.CompositeFilter.doFilter(CompositeFilter.java:74) ~[spring-web-6.2.8.jar:6.2.8]
		at org.springframework.security.config.annotation.web.configuration.WebSecurityConfiguration$CompositeFilterChainProxy.doFilter(WebSecurityConfiguration.java:319) ~[spring-security-config-6.5.1.jar:6.5.1]
		at org.springframework.web.filter.CompositeFilter$VirtualFilterChain.doFilter(CompositeFilter.java:113) ~[spring-web-6.2.8.jar:6.2.8]
		at org.springframework.web.servlet.handler.HandlerMappingIntrospector.lambda$createCacheFilter$4(HandlerMappingIntrospector.java:267) ~[spring-webmvc-6.2.8.jar:6.2.8]
		at org.springframework.web.filter.CompositeFilter$VirtualFilterChain.doFilter(CompositeFilter.java:113) ~[spring-web-6.2.8.jar:6.2.8]
		at org.springframework.web.filter.CompositeFilter.doFilter(CompositeFilter.java:74) ~[spring-web-6.2.8.jar:6.2.8]
		at org.springframework.security.config.annotation.web.configuration.WebMvcSecurityConfiguration$CompositeFilterChainProxy.doFilter(WebMvcSecurityConfiguration.java:240) ~[spring-security-config-6.5.1.jar:6.5.1]
		at org.springframework.web.filter.DelegatingFilterProxy.invokeDelegate(DelegatingFilterProxy.java:362) ~[spring-web-6.2.8.jar:6.2.8]
		at org.springframework.web.filter.DelegatingFilterProxy.doFilter(DelegatingFilterProxy.java:278) ~[spring-web-6.2.8.jar:6.2.8]
		at org.apache.catalina.core.ApplicationFilterChain.internalDoFilter(ApplicationFilterChain.java:164) ~[tomcat-embed-core-10.1.42.jar:10.1.42]
		at org.apache.catalina.core.ApplicationFilterChain.doFilter(ApplicationFilterChain.java:140) ~[tomcat-embed-core-10.1.42.jar:10.1.42]
		at org.springframework.web.filter.RequestContextFilter.doFilterInternal(RequestContextFilter.java:100) ~[spring-web-6.2.8.jar:6.2.8]
		at org.springframework.web.filter.OncePerRequestFilter.doFilter(OncePerRequestFilter.java:116) ~[spring-web-6.2.8.jar:6.2.8]
		at org.apache.catalina.core.ApplicationFilterChain.internalDoFilter(ApplicationFilterChain.java:164) ~[tomcat-embed-core-10.1.42.jar:10.1.42]
		at org.apache.catalina.core.ApplicationFilterChain.doFilter(ApplicationFilterChain.java:140) ~[tomcat-embed-core-10.1.42.jar:10.1.42]
		at org.springframework.web.filter.FormContentFilter.doFilterInternal(FormContentFilter.java:93) ~[spring-web-6.2.8.jar:6.2.8]
		at org.springframework.web.filter.OncePerRequestFilter.doFilter(OncePerRequestFilter.java:116) ~[spring-web-6.2.8.jar:6.2.8]
		at org.apache.catalina.core.ApplicationFilterChain.internalDoFilter(ApplicationFilterChain.java:164) ~[tomcat-embed-core-10.1.42.jar:10.1.42]
		at org.apache.catalina.core.ApplicationFilterChain.doFilter(ApplicationFilterChain.java:140) ~[tomcat-embed-core-10.1.42.jar:10.1.42]
		at org.springframework.web.filter.ServerHttpObservationFilter.doFilterInternal(ServerHttpObservationFilter.java:114) ~[spring-web-6.2.8.jar:6.2.8]
		at org.springframework.web.filter.OncePerRequestFilter.doFilter(OncePerRequestFilter.java:116) ~[spring-web-6.2.8.jar:6.2.8]
		at org.apache.catalina.core.ApplicationFilterChain.internalDoFilter(ApplicationFilterChain.java:164) ~[tomcat-embed-core-10.1.42.jar:10.1.42]
		at org.apache.catalina.core.ApplicationFilterChain.doFilter(ApplicationFilterChain.java:140) ~[tomcat-embed-core-10.1.42.jar:10.1.42]
		at org.springframework.web.filter.CharacterEncodingFilter.doFilterInternal(CharacterEncodingFilter.java:201) ~[spring-web-6.2.8.jar:6.2.8]
		at org.springframework.web.filter.OncePerRequestFilter.doFilter(OncePerRequestFilter.java:116) ~[spring-web-6.2.8.jar:6.2.8]
		at org.apache.catalina.core.ApplicationFilterChain.internalDoFilter(ApplicationFilterChain.java:164) ~[tomcat-embed-core-10.1.42.jar:10.1.42]
		at org.apache.catalina.core.ApplicationFilterChain.doFilter(ApplicationFilterChain.java:140) ~[tomcat-embed-core-10.1.42.jar:10.1.42]
		at org.apache.catalina.core.StandardWrapperValve.invoke(StandardWrapperValve.java:167) ~[tomcat-embed-core-10.1.42.jar:10.1.42]
		at org.apache.catalina.core.StandardContextValve.invoke(StandardContextValve.java:90) ~[tomcat-embed-core-10.1.42.jar:10.1.42]
		at org.apache.catalina.authenticator.AuthenticatorBase.invoke(AuthenticatorBase.java:483) ~[tomcat-embed-core-10.1.42.jar:10.1.42]
		at org.apache.catalina.core.StandardHostValve.invoke(StandardHostValve.java:116) ~[tomcat-embed-core-10.1.42.jar:10.1.42]
		at org.apache.catalina.valves.ErrorReportValve.invoke(ErrorReportValve.java:93) ~[tomcat-embed-core-10.1.42.jar:10.1.42]
		at org.apache.catalina.core.StandardEngineValve.invoke(StandardEngineValve.java:74) ~[tomcat-embed-core-10.1.42.jar:10.1.42]
		at org.apache.catalina.connector.CoyoteAdapter.service(CoyoteAdapter.java:344) ~[tomcat-embed-core-10.1.42.jar:10.1.42]
		at org.apache.coyote.http11.Http11Processor.service(Http11Processor.java:398) ~[tomcat-embed-core-10.1.42.jar:10.1.42]
		at org.apache.coyote.AbstractProcessorLight.process(AbstractProcessorLight.java:63) ~[tomcat-embed-core-10.1.42.jar:10.1.42]
		at org.apache.coyote.AbstractProtocol$ConnectionHandler.process(AbstractProtocol.java:903) ~[tomcat-embed-core-10.1.42.jar:10.1.42]
		at org.apache.tomcat.util.net.NioEndpoint$SocketProcessor.doRun(NioEndpoint.java:1769) ~[tomcat-embed-core-10.1.42.jar:10.1.42]
		at org.apache.tomcat.util.net.SocketProcessorBase.run(SocketProcessorBase.java:52) ~[tomcat-embed-core-10.1.42.jar:10.1.42]
		at org.apache.tomcat.util.threads.ThreadPoolExecutor.runWorker(ThreadPoolExecutor.java:1189) ~[tomcat-embed-core-10.1.42.jar:10.1.42]
		at org.apache.tomcat.util.threads.ThreadPoolExecutor$Worker.run(ThreadPoolExecutor.java:658) ~[tomcat-embed-core-10.1.42.jar:10.1.42]
		at org.apache.tomcat.util.threads.TaskThread$WrappingRunnable.run(TaskThread.java:63) ~[tomcat-embed-core-10.1.42.jar:10.1.42]
		at java.base/java.lang.Thread.run(Thread.java:1583) ~[na:na]

2026-06-20T17:05:03.914-04:00  INFO 24024 --- [pedido] [http-nio-8086-exec-2] c.d.pedido.controller.OrderController    : Creando pedido para usuario 1
2026-06-20T17:05:03.915-04:00  INFO 24024 --- [pedido] [http-nio-8086-exec-2] cl.duoc.pedido.service.OrderService      : Creando pedido para usuario 1
2026-06-20T17:05:03.946-04:00 ERROR 24024 --- [pedido] [http-nio-8086-exec-2] c.d.p.e.handler.GlobalExceptionHandler   : Error inesperado

org.springframework.web.reactive.function.client.WebClientResponseException$Forbidden: 403 Forbidden from GET http://172.20.64.1:8082/api/cart
	at org.springframework.web.reactive.function.client.WebClientResponseException.create(WebClientResponseException.java:323) ~[spring-webflux-6.2.8.jar:6.2.8]
	Suppressed: reactor.core.publisher.FluxOnAssembly$OnAssemblyException: 
Error has been observed at the following site(s):
	*__checkpoint ⇢ 403 FORBIDDEN from GET http://cart/api/cart [DefaultWebClient]
Original Stack Trace:
		at org.springframework.web.reactive.function.client.WebClientResponseException.create(WebClientResponseException.java:323) ~[spring-webflux-6.2.8.jar:6.2.8]
		at org.springframework.web.reactive.function.client.DefaultClientResponse.lambda$createException$1(DefaultClientResponse.java:214) ~[spring-webflux-6.2.8.jar:6.2.8]
		at reactor.core.publisher.FluxMap$MapSubscriber.onNext(FluxMap.java:106) ~[reactor-core-3.7.7.jar:3.7.7]
		at reactor.core.publisher.FluxOnErrorReturn$ReturnSubscriber.onNext(FluxOnErrorReturn.java:162) ~[reactor-core-3.7.7.jar:3.7.7]
		at reactor.core.publisher.Operators$BaseFluxToMonoOperator.completePossiblyEmpty(Operators.java:2096) ~[reactor-core-3.7.7.jar:3.7.7]
		at reactor.core.publisher.FluxDefaultIfEmpty$DefaultIfEmptySubscriber.onComplete(FluxDefaultIfEmpty.java:134) ~[reactor-core-3.7.7.jar:3.7.7]
		at reactor.core.publisher.FluxMapFuseable$MapFuseableSubscriber.onComplete(FluxMapFuseable.java:152) ~[reactor-core-3.7.7.jar:3.7.7]
		at reactor.core.publisher.FluxContextWrite$ContextWriteSubscriber.onComplete(FluxContextWrite.java:126) ~[reactor-core-3.7.7.jar:3.7.7]
		at reactor.core.publisher.FluxMapFuseable$MapFuseableConditionalSubscriber.onComplete(FluxMapFuseable.java:350) ~[reactor-core-3.7.7.jar:3.7.7]
		at reactor.core.publisher.FluxFilterFuseable$FilterFuseableConditionalSubscriber.onComplete(FluxFilterFuseable.java:391) ~[reactor-core-3.7.7.jar:3.7.7]
		at reactor.core.publisher.Operators$BaseFluxToMonoOperator.completePossiblyEmpty(Operators.java:2097) ~[reactor-core-3.7.7.jar:3.7.7]
		at reactor.core.publisher.MonoCollect$CollectSubscriber.onComplete(MonoCollect.java:145) ~[reactor-core-3.7.7.jar:3.7.7]
		at reactor.core.publisher.FluxMap$MapSubscriber.onComplete(FluxMap.java:144) ~[reactor-core-3.7.7.jar:3.7.7]
		at reactor.core.publisher.FluxPeek$PeekSubscriber.onComplete(FluxPeek.java:260) ~[reactor-core-3.7.7.jar:3.7.7]
		at reactor.core.publisher.FluxMap$MapSubscriber.onComplete(FluxMap.java:144) ~[reactor-core-3.7.7.jar:3.7.7]
		at reactor.netty.channel.FluxReceive.onInboundComplete(FluxReceive.java:413) ~[reactor-netty-core-1.2.7.jar:1.2.7]
		at reactor.netty.channel.ChannelOperations.onInboundComplete(ChannelOperations.java:455) ~[reactor-netty-core-1.2.7.jar:1.2.7]
		at reactor.netty.channel.ChannelOperations.terminate(ChannelOperations.java:509) ~[reactor-netty-core-1.2.7.jar:1.2.7]
		at reactor.netty.http.client.HttpClientOperations.onInboundNext(HttpClientOperations.java:821) ~[reactor-netty-http-1.2.7.jar:1.2.7]
		at reactor.netty.channel.ChannelOperationsHandler.channelRead(ChannelOperationsHandler.java:115) ~[reactor-netty-core-1.2.7.jar:1.2.7]
		at io.netty.channel.AbstractChannelHandlerContext.invokeChannelRead(AbstractChannelHandlerContext.java:444) ~[netty-transport-4.1.122.Final.jar:4.1.122.Final]
		at io.netty.channel.AbstractChannelHandlerContext.invokeChannelRead(AbstractChannelHandlerContext.java:420) ~[netty-transport-4.1.122.Final.jar:4.1.122.Final]
		at io.netty.channel.AbstractChannelHandlerContext.fireChannelRead(AbstractChannelHandlerContext.java:412) ~[netty-transport-4.1.122.Final.jar:4.1.122.Final]
		at io.netty.handler.codec.MessageToMessageDecoder.channelRead(MessageToMessageDecoder.java:107) ~[netty-codec-4.1.122.Final.jar:4.1.122.Final]
		at io.netty.channel.AbstractChannelHandlerContext.invokeChannelRead(AbstractChannelHandlerContext.java:444) ~[netty-transport-4.1.122.Final.jar:4.1.122.Final]
		at io.netty.channel.AbstractChannelHandlerContext.invokeChannelRead(AbstractChannelHandlerContext.java:420) ~[netty-transport-4.1.122.Final.jar:4.1.122.Final]
		at io.netty.channel.AbstractChannelHandlerContext.fireChannelRead(AbstractChannelHandlerContext.java:412) ~[netty-transport-4.1.122.Final.jar:4.1.122.Final]
		at io.netty.channel.CombinedChannelDuplexHandler$DelegatingChannelHandlerContext.fireChannelRead(CombinedChannelDuplexHandler.java:436) ~[netty-transport-4.1.122.Final.jar:4.1.122.Final]
		at io.netty.handler.codec.ByteToMessageDecoder.fireChannelRead(ByteToMessageDecoder.java:346) ~[netty-codec-4.1.122.Final.jar:4.1.122.Final]
		at io.netty.handler.codec.ByteToMessageDecoder.channelRead(ByteToMessageDecoder.java:318) ~[netty-codec-4.1.122.Final.jar:4.1.122.Final]
		at io.netty.channel.CombinedChannelDuplexHandler.channelRead(CombinedChannelDuplexHandler.java:251) ~[netty-transport-4.1.122.Final.jar:4.1.122.Final]
		at io.netty.channel.AbstractChannelHandlerContext.invokeChannelRead(AbstractChannelHandlerContext.java:442) ~[netty-transport-4.1.122.Final.jar:4.1.122.Final]
		at io.netty.channel.AbstractChannelHandlerContext.invokeChannelRead(AbstractChannelHandlerContext.java:420) ~[netty-transport-4.1.122.Final.jar:4.1.122.Final]
		at io.netty.channel.AbstractChannelHandlerContext.fireChannelRead(AbstractChannelHandlerContext.java:412) ~[netty-transport-4.1.122.Final.jar:4.1.122.Final]
		at io.netty.channel.DefaultChannelPipeline$HeadContext.channelRead(DefaultChannelPipeline.java:1357) ~[netty-transport-4.1.122.Final.jar:4.1.122.Final]
		at io.netty.channel.AbstractChannelHandlerContext.invokeChannelRead(AbstractChannelHandlerContext.java:440) ~[netty-transport-4.1.122.Final.jar:4.1.122.Final]
		at io.netty.channel.AbstractChannelHandlerContext.invokeChannelRead(AbstractChannelHandlerContext.java:420) ~[netty-transport-4.1.122.Final.jar:4.1.122.Final]
		at io.netty.channel.DefaultChannelPipeline.fireChannelRead(DefaultChannelPipeline.java:868) ~[netty-transport-4.1.122.Final.jar:4.1.122.Final]
		at io.netty.channel.nio.AbstractNioByteChannel$NioByteUnsafe.read(AbstractNioByteChannel.java:166) ~[netty-transport-4.1.122.Final.jar:4.1.122.Final]
		at io.netty.channel.nio.NioEventLoop.processSelectedKey(NioEventLoop.java:796) ~[netty-transport-4.1.122.Final.jar:4.1.122.Final]
		at io.netty.channel.nio.NioEventLoop.processSelectedKeysOptimized(NioEventLoop.java:732) ~[netty-transport-4.1.122.Final.jar:4.1.122.Final]
		at io.netty.channel.nio.NioEventLoop.processSelectedKeys(NioEventLoop.java:658) ~[netty-transport-4.1.122.Final.jar:4.1.122.Final]
		at io.netty.channel.nio.NioEventLoop.run(NioEventLoop.java:562) ~[netty-transport-4.1.122.Final.jar:4.1.122.Final]
		at io.netty.util.concurrent.SingleThreadEventExecutor$4.run(SingleThreadEventExecutor.java:998) ~[netty-common-4.1.122.Final.jar:4.1.122.Final]
		at io.netty.util.internal.ThreadExecutorMap$2.run(ThreadExecutorMap.java:74) ~[netty-common-4.1.122.Final.jar:4.1.122.Final]
		at io.netty.util.concurrent.FastThreadLocalRunnable.run(FastThreadLocalRunnable.java:30) ~[netty-common-4.1.122.Final.jar:4.1.122.Final]
		at java.base/java.lang.Thread.run(Thread.java:1583) ~[na:na]
	Suppressed: java.lang.Exception: #block terminated with an error
		at reactor.core.publisher.BlockingSingleSubscriber.blockingGet(BlockingSingleSubscriber.java:104) ~[reactor-core-3.7.7.jar:3.7.7]
		at reactor.core.publisher.Mono.block(Mono.java:1779) ~[reactor-core-3.7.7.jar:3.7.7]
		at cl.duoc.pedido.Client.CartClient.getCartItems(CartClient.java:25) ~[classes/:na]
		at cl.duoc.pedido.service.OrderService.createOrder(OrderService.java:60) ~[classes/:na]
		at cl.duoc.pedido.controller.OrderController.createOrder(OrderController.java:40) ~[classes/:na]
		at java.base/jdk.internal.reflect.DirectMethodHandleAccessor.invoke(DirectMethodHandleAccessor.java:103) ~[na:na]
		at java.base/java.lang.reflect.Method.invoke(Method.java:580) ~[na:na]
		at org.springframework.web.method.support.InvocableHandlerMethod.doInvoke(InvocableHandlerMethod.java:258) ~[spring-web-6.2.8.jar:6.2.8]
		at org.springframework.web.method.support.InvocableHandlerMethod.invokeForRequest(InvocableHandlerMethod.java:191) ~[spring-web-6.2.8.jar:6.2.8]
		at org.springframework.web.servlet.mvc.method.annotation.ServletInvocableHandlerMethod.invokeAndHandle(ServletInvocableHandlerMethod.java:118) ~[spring-webmvc-6.2.8.jar:6.2.8]
		at org.springframework.web.servlet.mvc.method.annotation.RequestMappingHandlerAdapter.invokeHandlerMethod(RequestMappingHandlerAdapter.java:986) ~[spring-webmvc-6.2.8.jar:6.2.8]
		at org.springframework.web.servlet.mvc.method.annotation.RequestMappingHandlerAdapter.handleInternal(RequestMappingHandlerAdapter.java:891) ~[spring-webmvc-6.2.8.jar:6.2.8]
		at org.springframework.web.servlet.mvc.method.AbstractHandlerMethodAdapter.handle(AbstractHandlerMethodAdapter.java:87) ~[spring-webmvc-6.2.8.jar:6.2.8]
		at org.springframework.web.servlet.DispatcherServlet.doDispatch(DispatcherServlet.java:1089) ~[spring-webmvc-6.2.8.jar:6.2.8]
		at org.springframework.web.servlet.DispatcherServlet.doService(DispatcherServlet.java:979) ~[spring-webmvc-6.2.8.jar:6.2.8]
		at org.springframework.web.servlet.FrameworkServlet.processRequest(FrameworkServlet.java:1014) ~[spring-webmvc-6.2.8.jar:6.2.8]
		at org.springframework.web.servlet.FrameworkServlet.doPost(FrameworkServlet.java:914) ~[spring-webmvc-6.2.8.jar:6.2.8]
		at jakarta.servlet.http.HttpServlet.service(HttpServlet.java:590) ~[tomcat-embed-core-10.1.42.jar:6.0]
		at org.springframework.web.servlet.FrameworkServlet.service(FrameworkServlet.java:885) ~[spring-webmvc-6.2.8.jar:6.2.8]
		at jakarta.servlet.http.HttpServlet.service(HttpServlet.java:658) ~[tomcat-embed-core-10.1.42.jar:6.0]
		at org.apache.catalina.core.ApplicationFilterChain.internalDoFilter(ApplicationFilterChain.java:195) ~[tomcat-embed-core-10.1.42.jar:10.1.42]
		at org.apache.catalina.core.ApplicationFilterChain.doFilter(ApplicationFilterChain.java:140) ~[tomcat-embed-core-10.1.42.jar:10.1.42]
		at org.apache.tomcat.websocket.server.WsFilter.doFilter(WsFilter.java:51) ~[tomcat-embed-websocket-10.1.42.jar:10.1.42]
		at org.apache.catalina.core.ApplicationFilterChain.internalDoFilter(ApplicationFilterChain.java:164) ~[tomcat-embed-core-10.1.42.jar:10.1.42]
		at org.apache.catalina.core.ApplicationFilterChain.doFilter(ApplicationFilterChain.java:140) ~[tomcat-embed-core-10.1.42.jar:10.1.42]
		at org.springframework.web.filter.OncePerRequestFilter.doFilter(OncePerRequestFilter.java:110) ~[spring-web-6.2.8.jar:6.2.8]
		at org.apache.catalina.core.ApplicationFilterChain.internalDoFilter(ApplicationFilterChain.java:164) ~[tomcat-embed-core-10.1.42.jar:10.1.42]
		at org.apache.catalina.core.ApplicationFilterChain.doFilter(ApplicationFilterChain.java:140) ~[tomcat-embed-core-10.1.42.jar:10.1.42]
		at org.springframework.web.filter.CompositeFilter$VirtualFilterChain.doFilter(CompositeFilter.java:108) ~[spring-web-6.2.8.jar:6.2.8]
		at org.springframework.web.filter.CompositeFilter$VirtualFilterChain.doFilter(CompositeFilter.java:108) ~[spring-web-6.2.8.jar:6.2.8]
		at org.springframework.security.web.FilterChainProxy.lambda$doFilterInternal$3(FilterChainProxy.java:231) ~[spring-security-web-6.5.1.jar:6.5.1]
		at org.springframework.security.web.ObservationFilterChainDecorator$FilterObservation$SimpleFilterObservation.lambda$wrap$1(ObservationFilterChainDecorator.java:479) ~[spring-security-web-6.5.1.jar:6.5.1]
		at org.springframework.security.web.ObservationFilterChainDecorator$AroundFilterObservation$SimpleAroundFilterObservation.lambda$wrap$1(ObservationFilterChainDecorator.java:340) ~[spring-security-web-6.5.1.jar:6.5.1]
		at org.springframework.security.web.ObservationFilterChainDecorator.lambda$wrapSecured$0(ObservationFilterChainDecorator.java:82) ~[spring-security-web-6.5.1.jar:6.5.1]
		at org.springframework.security.web.ObservationFilterChainDecorator$VirtualFilterChain.doFilter(ObservationFilterChainDecorator.java:128) ~[spring-security-web-6.5.1.jar:6.5.1]
		at org.springframework.security.web.access.intercept.AuthorizationFilter.doFilter(AuthorizationFilter.java:101) ~[spring-security-web-6.5.1.jar:6.5.1]
		at org.springframework.security.web.ObservationFilterChainDecorator$ObservationFilter.wrapFilter(ObservationFilterChainDecorator.java:240) ~[spring-security-web-6.5.1.jar:6.5.1]
		at org.springframework.security.web.ObservationFilterChainDecorator$ObservationFilter.doFilter(ObservationFilterChainDecorator.java:227) ~[spring-security-web-6.5.1.jar:6.5.1]
		at org.springframework.security.web.ObservationFilterChainDecorator$VirtualFilterChain.doFilter(ObservationFilterChainDecorator.java:137) ~[spring-security-web-6.5.1.jar:6.5.1]
		at org.springframework.security.web.access.ExceptionTranslationFilter.doFilter(ExceptionTranslationFilter.java:125) ~[spring-security-web-6.5.1.jar:6.5.1]
		at org.springframework.security.web.access.ExceptionTranslationFilter.doFilter(ExceptionTranslationFilter.java:119) ~[spring-security-web-6.5.1.jar:6.5.1]
		at org.springframework.security.web.ObservationFilterChainDecorator$ObservationFilter.wrapFilter(ObservationFilterChainDecorator.java:240) ~[spring-security-web-6.5.1.jar:6.5.1]
		at org.springframework.security.web.ObservationFilterChainDecorator$ObservationFilter.doFilter(ObservationFilterChainDecorator.java:227) ~[spring-security-web-6.5.1.jar:6.5.1]
		at org.springframework.security.web.ObservationFilterChainDecorator$VirtualFilterChain.doFilter(ObservationFilterChainDecorator.java:137) ~[spring-security-web-6.5.1.jar:6.5.1]
		at org.springframework.security.web.session.SessionManagementFilter.doFilter(SessionManagementFilter.java:131) ~[spring-security-web-6.5.1.jar:6.5.1]
		at org.springframework.security.web.session.SessionManagementFilter.doFilter(SessionManagementFilter.java:85) ~[spring-security-web-6.5.1.jar:6.5.1]
		at org.springframework.security.web.ObservationFilterChainDecorator$ObservationFilter.wrapFilter(ObservationFilterChainDecorator.java:240) ~[spring-security-web-6.5.1.jar:6.5.1]
		at org.springframework.security.web.ObservationFilterChainDecorator$ObservationFilter.doFilter(ObservationFilterChainDecorator.java:227) ~[spring-security-web-6.5.1.jar:6.5.1]
		at org.springframework.security.web.ObservationFilterChainDecorator$VirtualFilterChain.doFilter(ObservationFilterChainDecorator.java:137) ~[spring-security-web-6.5.1.jar:6.5.1]
		at org.springframework.security.web.authentication.AnonymousAuthenticationFilter.doFilter(AnonymousAuthenticationFilter.java:100) ~[spring-security-web-6.5.1.jar:6.5.1]
		at org.springframework.security.web.ObservationFilterChainDecorator$ObservationFilter.wrapFilter(ObservationFilterChainDecorator.java:240) ~[spring-security-web-6.5.1.jar:6.5.1]
		at org.springframework.security.web.ObservationFilterChainDecorator$ObservationFilter.doFilter(ObservationFilterChainDecorator.java:227) ~[spring-security-web-6.5.1.jar:6.5.1]
		at org.springframework.security.web.ObservationFilterChainDecorator$VirtualFilterChain.doFilter(ObservationFilterChainDecorator.java:137) ~[spring-security-web-6.5.1.jar:6.5.1]
		at org.springframework.security.web.servletapi.SecurityContextHolderAwareRequestFilter.doFilter(SecurityContextHolderAwareRequestFilter.java:179) ~[spring-security-web-6.5.1.jar:6.5.1]
		at org.springframework.security.web.ObservationFilterChainDecorator$ObservationFilter.wrapFilter(ObservationFilterChainDecorator.java:240) ~[spring-security-web-6.5.1.jar:6.5.1]
		at org.springframework.security.web.ObservationFilterChainDecorator$ObservationFilter.doFilter(ObservationFilterChainDecorator.java:227) ~[spring-security-web-6.5.1.jar:6.5.1]
		at org.springframework.security.web.ObservationFilterChainDecorator$VirtualFilterChain.doFilter(ObservationFilterChainDecorator.java:137) ~[spring-security-web-6.5.1.jar:6.5.1]
		at org.springframework.security.web.savedrequest.RequestCacheAwareFilter.doFilter(RequestCacheAwareFilter.java:63) ~[spring-security-web-6.5.1.jar:6.5.1]
		at org.springframework.security.web.ObservationFilterChainDecorator$ObservationFilter.wrapFilter(ObservationFilterChainDecorator.java:240) ~[spring-security-web-6.5.1.jar:6.5.1]
		at org.springframework.security.web.ObservationFilterChainDecorator$ObservationFilter.doFilter(ObservationFilterChainDecorator.java:227) ~[spring-security-web-6.5.1.jar:6.5.1]
		at org.springframework.security.web.ObservationFilterChainDecorator$VirtualFilterChain.doFilter(ObservationFilterChainDecorator.java:137) ~[spring-security-web-6.5.1.jar:6.5.1]
		at cl.duoc.pedido.security.JwtAuthFilter.doFilterInternal(JwtAuthFilter.java:67) ~[classes/:na]
		at org.springframework.web.filter.OncePerRequestFilter.doFilter(OncePerRequestFilter.java:116) ~[spring-web-6.2.8.jar:6.2.8]
		at org.springframework.security.web.ObservationFilterChainDecorator$ObservationFilter.wrapFilter(ObservationFilterChainDecorator.java:240) ~[spring-security-web-6.5.1.jar:6.5.1]
		at org.springframework.security.web.ObservationFilterChainDecorator$ObservationFilter.doFilter(ObservationFilterChainDecorator.java:227) ~[spring-security-web-6.5.1.jar:6.5.1]
		at org.springframework.security.web.ObservationFilterChainDecorator$VirtualFilterChain.doFilter(ObservationFilterChainDecorator.java:137) ~[spring-security-web-6.5.1.jar:6.5.1]
		at org.springframework.security.web.authentication.logout.LogoutFilter.doFilter(LogoutFilter.java:107) ~[spring-security-web-6.5.1.jar:6.5.1]
		at org.springframework.security.web.authentication.logout.LogoutFilter.doFilter(LogoutFilter.java:93) ~[spring-security-web-6.5.1.jar:6.5.1]
		at org.springframework.security.web.ObservationFilterChainDecorator$ObservationFilter.wrapFilter(ObservationFilterChainDecorator.java:240) ~[spring-security-web-6.5.1.jar:6.5.1]
		at org.springframework.security.web.ObservationFilterChainDecorator$ObservationFilter.doFilter(ObservationFilterChainDecorator.java:227) ~[spring-security-web-6.5.1.jar:6.5.1]
		at org.springframework.security.web.ObservationFilterChainDecorator$VirtualFilterChain.doFilter(ObservationFilterChainDecorator.java:137) ~[spring-security-web-6.5.1.jar:6.5.1]
		at org.springframework.security.web.header.HeaderWriterFilter.doHeadersAfter(HeaderWriterFilter.java:90) ~[spring-security-web-6.5.1.jar:6.5.1]
		at org.springframework.security.web.header.HeaderWriterFilter.doFilterInternal(HeaderWriterFilter.java:75) ~[spring-security-web-6.5.1.jar:6.5.1]
		at org.springframework.web.filter.OncePerRequestFilter.doFilter(OncePerRequestFilter.java:116) ~[spring-web-6.2.8.jar:6.2.8]
		at org.springframework.security.web.ObservationFilterChainDecorator$ObservationFilter.wrapFilter(ObservationFilterChainDecorator.java:240) ~[spring-security-web-6.5.1.jar:6.5.1]
		at org.springframework.security.web.ObservationFilterChainDecorator$ObservationFilter.doFilter(ObservationFilterChainDecorator.java:227) ~[spring-security-web-6.5.1.jar:6.5.1]
		at org.springframework.security.web.ObservationFilterChainDecorator$VirtualFilterChain.doFilter(ObservationFilterChainDecorator.java:137) ~[spring-security-web-6.5.1.jar:6.5.1]
		at org.springframework.security.web.context.SecurityContextHolderFilter.doFilter(SecurityContextHolderFilter.java:82) ~[spring-security-web-6.5.1.jar:6.5.1]
		at org.springframework.security.web.context.SecurityContextHolderFilter.doFilter(SecurityContextHolderFilter.java:69) ~[spring-security-web-6.5.1.jar:6.5.1]
		at org.springframework.security.web.ObservationFilterChainDecorator$ObservationFilter.wrapFilter(ObservationFilterChainDecorator.java:240) ~[spring-security-web-6.5.1.jar:6.5.1]
		at org.springframework.security.web.ObservationFilterChainDecorator$ObservationFilter.doFilter(ObservationFilterChainDecorator.java:227) ~[spring-security-web-6.5.1.jar:6.5.1]
		at org.springframework.security.web.ObservationFilterChainDecorator$VirtualFilterChain.doFilter(ObservationFilterChainDecorator.java:137) ~[spring-security-web-6.5.1.jar:6.5.1]
		at org.springframework.security.web.context.request.async.WebAsyncManagerIntegrationFilter.doFilterInternal(WebAsyncManagerIntegrationFilter.java:62) ~[spring-security-web-6.5.1.jar:6.5.1]
		at org.springframework.web.filter.OncePerRequestFilter.doFilter(OncePerRequestFilter.java:116) ~[spring-web-6.2.8.jar:6.2.8]
		at org.springframework.security.web.ObservationFilterChainDecorator$ObservationFilter.wrapFilter(ObservationFilterChainDecorator.java:240) ~[spring-security-web-6.5.1.jar:6.5.1]
		at org.springframework.security.web.ObservationFilterChainDecorator$ObservationFilter.doFilter(ObservationFilterChainDecorator.java:227) ~[spring-security-web-6.5.1.jar:6.5.1]
		at org.springframework.security.web.ObservationFilterChainDecorator$VirtualFilterChain.doFilter(ObservationFilterChainDecorator.java:137) ~[spring-security-web-6.5.1.jar:6.5.1]
		at org.springframework.security.web.session.DisableEncodeUrlFilter.doFilterInternal(DisableEncodeUrlFilter.java:42) ~[spring-security-web-6.5.1.jar:6.5.1]
		at org.springframework.web.filter.OncePerRequestFilter.doFilter(OncePerRequestFilter.java:116) ~[spring-web-6.2.8.jar:6.2.8]
		at org.springframework.security.web.ObservationFilterChainDecorator$ObservationFilter.wrapFilter(ObservationFilterChainDecorator.java:240) ~[spring-security-web-6.5.1.jar:6.5.1]
		at org.springframework.security.web.ObservationFilterChainDecorator$AroundFilterObservation$SimpleAroundFilterObservation.lambda$wrap$0(ObservationFilterChainDecorator.java:323) ~[spring-security-web-6.5.1.jar:6.5.1]
		at org.springframework.security.web.ObservationFilterChainDecorator$ObservationFilter.doFilter(ObservationFilterChainDecorator.java:224) ~[spring-security-web-6.5.1.jar:6.5.1]
		at org.springframework.security.web.ObservationFilterChainDecorator$VirtualFilterChain.doFilter(ObservationFilterChainDecorator.java:137) ~[spring-security-web-6.5.1.jar:6.5.1]
		at org.springframework.security.web.FilterChainProxy.doFilterInternal(FilterChainProxy.java:233) ~[spring-security-web-6.5.1.jar:6.5.1]
		at org.springframework.security.web.FilterChainProxy.doFilter(FilterChainProxy.java:191) ~[spring-security-web-6.5.1.jar:6.5.1]
		at org.springframework.web.filter.CompositeFilter$VirtualFilterChain.doFilter(CompositeFilter.java:113) ~[spring-web-6.2.8.jar:6.2.8]
		at org.springframework.web.filter.ServletRequestPathFilter.doFilter(ServletRequestPathFilter.java:52) ~[spring-web-6.2.8.jar:6.2.8]
		at org.springframework.web.filter.CompositeFilter$VirtualFilterChain.doFilter(CompositeFilter.java:113) ~[spring-web-6.2.8.jar:6.2.8]
		at org.springframework.web.filter.CompositeFilter.doFilter(CompositeFilter.java:74) ~[spring-web-6.2.8.jar:6.2.8]
		at org.springframework.security.config.annotation.web.configuration.WebSecurityConfiguration$CompositeFilterChainProxy.doFilter(WebSecurityConfiguration.java:319) ~[spring-security-config-6.5.1.jar:6.5.1]
		at org.springframework.web.filter.CompositeFilter$VirtualFilterChain.doFilter(CompositeFilter.java:113) ~[spring-web-6.2.8.jar:6.2.8]
		at org.springframework.web.servlet.handler.HandlerMappingIntrospector.lambda$createCacheFilter$4(HandlerMappingIntrospector.java:267) ~[spring-webmvc-6.2.8.jar:6.2.8]
		at org.springframework.web.filter.CompositeFilter$VirtualFilterChain.doFilter(CompositeFilter.java:113) ~[spring-web-6.2.8.jar:6.2.8]
		at org.springframework.web.filter.CompositeFilter.doFilter(CompositeFilter.java:74) ~[spring-web-6.2.8.jar:6.2.8]
		at org.springframework.security.config.annotation.web.configuration.WebMvcSecurityConfiguration$CompositeFilterChainProxy.doFilter(WebMvcSecurityConfiguration.java:240) ~[spring-security-config-6.5.1.jar:6.5.1]
		at org.springframework.web.filter.DelegatingFilterProxy.invokeDelegate(DelegatingFilterProxy.java:362) ~[spring-web-6.2.8.jar:6.2.8]
		at org.springframework.web.filter.DelegatingFilterProxy.doFilter(DelegatingFilterProxy.java:278) ~[spring-web-6.2.8.jar:6.2.8]
		at org.apache.catalina.core.ApplicationFilterChain.internalDoFilter(ApplicationFilterChain.java:164) ~[tomcat-embed-core-10.1.42.jar:10.1.42]
		at org.apache.catalina.core.ApplicationFilterChain.doFilter(ApplicationFilterChain.java:140) ~[tomcat-embed-core-10.1.42.jar:10.1.42]
		at org.springframework.web.filter.RequestContextFilter.doFilterInternal(RequestContextFilter.java:100) ~[spring-web-6.2.8.jar:6.2.8]
		at org.springframework.web.filter.OncePerRequestFilter.doFilter(OncePerRequestFilter.java:116) ~[spring-web-6.2.8.jar:6.2.8]
		at org.apache.catalina.core.ApplicationFilterChain.internalDoFilter(ApplicationFilterChain.java:164) ~[tomcat-embed-core-10.1.42.jar:10.1.42]
		at org.apache.catalina.core.ApplicationFilterChain.doFilter(ApplicationFilterChain.java:140) ~[tomcat-embed-core-10.1.42.jar:10.1.42]
		at org.springframework.web.filter.FormContentFilter.doFilterInternal(FormContentFilter.java:93) ~[spring-web-6.2.8.jar:6.2.8]
		at org.springframework.web.filter.OncePerRequestFilter.doFilter(OncePerRequestFilter.java:116) ~[spring-web-6.2.8.jar:6.2.8]
		at org.apache.catalina.core.ApplicationFilterChain.internalDoFilter(ApplicationFilterChain.java:164) ~[tomcat-embed-core-10.1.42.jar:10.1.42]
		at org.apache.catalina.core.ApplicationFilterChain.doFilter(ApplicationFilterChain.java:140) ~[tomcat-embed-core-10.1.42.jar:10.1.42]
		at org.springframework.web.filter.ServerHttpObservationFilter.doFilterInternal(ServerHttpObservationFilter.java:114) ~[spring-web-6.2.8.jar:6.2.8]
		at org.springframework.web.filter.OncePerRequestFilter.doFilter(OncePerRequestFilter.java:116) ~[spring-web-6.2.8.jar:6.2.8]
		at org.apache.catalina.core.ApplicationFilterChain.internalDoFilter(ApplicationFilterChain.java:164) ~[tomcat-embed-core-10.1.42.jar:10.1.42]
		at org.apache.catalina.core.ApplicationFilterChain.doFilter(ApplicationFilterChain.java:140) ~[tomcat-embed-core-10.1.42.jar:10.1.42]
		at org.springframework.web.filter.CharacterEncodingFilter.doFilterInternal(CharacterEncodingFilter.java:201) ~[spring-web-6.2.8.jar:6.2.8]
		at org.springframework.web.filter.OncePerRequestFilter.doFilter(OncePerRequestFilter.java:116) ~[spring-web-6.2.8.jar:6.2.8]
		at org.apache.catalina.core.ApplicationFilterChain.internalDoFilter(ApplicationFilterChain.java:164) ~[tomcat-embed-core-10.1.42.jar:10.1.42]
		at org.apache.catalina.core.ApplicationFilterChain.doFilter(ApplicationFilterChain.java:140) ~[tomcat-embed-core-10.1.42.jar:10.1.42]
		at org.apache.catalina.core.StandardWrapperValve.invoke(StandardWrapperValve.java:167) ~[tomcat-embed-core-10.1.42.jar:10.1.42]
		at org.apache.catalina.core.StandardContextValve.invoke(StandardContextValve.java:90) ~[tomcat-embed-core-10.1.42.jar:10.1.42]
		at org.apache.catalina.authenticator.AuthenticatorBase.invoke(AuthenticatorBase.java:483) ~[tomcat-embed-core-10.1.42.jar:10.1.42]
		at org.apache.catalina.core.StandardHostValve.invoke(StandardHostValve.java:116) ~[tomcat-embed-core-10.1.42.jar:10.1.42]
		at org.apache.catalina.valves.ErrorReportValve.invoke(ErrorReportValve.java:93) ~[tomcat-embed-core-10.1.42.jar:10.1.42]
		at org.apache.catalina.core.StandardEngineValve.invoke(StandardEngineValve.java:74) ~[tomcat-embed-core-10.1.42.jar:10.1.42]
		at org.apache.catalina.connector.CoyoteAdapter.service(CoyoteAdapter.java:344) ~[tomcat-embed-core-10.1.42.jar:10.1.42]
		at org.apache.coyote.http11.Http11Processor.service(Http11Processor.java:398) ~[tomcat-embed-core-10.1.42.jar:10.1.42]
		at org.apache.coyote.AbstractProcessorLight.process(AbstractProcessorLight.java:63) ~[tomcat-embed-core-10.1.42.jar:10.1.42]
		at org.apache.coyote.AbstractProtocol$ConnectionHandler.process(AbstractProtocol.java:903) ~[tomcat-embed-core-10.1.42.jar:10.1.42]
		at org.apache.tomcat.util.net.NioEndpoint$SocketProcessor.doRun(NioEndpoint.java:1769) ~[tomcat-embed-core-10.1.42.jar:10.1.42]
		at org.apache.tomcat.util.net.SocketProcessorBase.run(SocketProcessorBase.java:52) ~[tomcat-embed-core-10.1.42.jar:10.1.42]
		at org.apache.tomcat.util.threads.ThreadPoolExecutor.runWorker(ThreadPoolExecutor.java:1189) ~[tomcat-embed-core-10.1.42.jar:10.1.42]
		at org.apache.tomcat.util.threads.ThreadPoolExecutor$Worker.run(ThreadPoolExecutor.java:658) ~[tomcat-embed-core-10.1.42.jar:10.1.42]
		at org.apache.tomcat.util.threads.TaskThread$WrappingRunnable.run(TaskThread.java:63) ~[tomcat-embed-core-10.1.42.jar:10.1.42]
		at java.base/java.lang.Thread.run(Thread.java:1583) ~[na:na]

2026-06-20T17:05:05.599-04:00  INFO 24024 --- [pedido] [http-nio-8086-exec-3] c.d.pedido.controller.OrderController    : Creando pedido para usuario 1
2026-06-20T17:05:05.600-04:00  INFO 24024 --- [pedido] [http-nio-8086-exec-3] cl.duoc.pedido.service.OrderService      : Creando pedido para usuario 1
2026-06-20T17:05:05.621-04:00 ERROR 24024 --- [pedido] [http-nio-8086-exec-3] c.d.p.e.handler.GlobalExceptionHandler   : Error inesperado

org.springframework.web.reactive.function.client.WebClientResponseException$Forbidden: 403 Forbidden from GET http://172.20.64.1:8082/api/cart
	at org.springframework.web.reactive.function.client.WebClientResponseException.create(WebClientResponseException.java:323) ~[spring-webflux-6.2.8.jar:6.2.8]
	Suppressed: reactor.core.publisher.FluxOnAssembly$OnAssemblyException: 
Error has been observed at the following site(s):
	*__checkpoint ⇢ 403 FORBIDDEN from GET http://cart/api/cart [DefaultWebClient]
Original Stack Trace:
		at org.springframework.web.reactive.function.client.WebClientResponseException.create(WebClientResponseException.java:323) ~[spring-webflux-6.2.8.jar:6.2.8]
		at org.springframework.web.reactive.function.client.DefaultClientResponse.lambda$createException$1(DefaultClientResponse.java:214) ~[spring-webflux-6.2.8.jar:6.2.8]
		at reactor.core.publisher.FluxMap$MapSubscriber.onNext(FluxMap.java:106) ~[reactor-core-3.7.7.jar:3.7.7]
		at reactor.core.publisher.FluxOnErrorReturn$ReturnSubscriber.onNext(FluxOnErrorReturn.java:162) ~[reactor-core-3.7.7.jar:3.7.7]
		at reactor.core.publisher.Operators$BaseFluxToMonoOperator.completePossiblyEmpty(Operators.java:2096) ~[reactor-core-3.7.7.jar:3.7.7]
		at reactor.core.publisher.FluxDefaultIfEmpty$DefaultIfEmptySubscriber.onComplete(FluxDefaultIfEmpty.java:134) ~[reactor-core-3.7.7.jar:3.7.7]
		at reactor.core.publisher.FluxMapFuseable$MapFuseableSubscriber.onComplete(FluxMapFuseable.java:152) ~[reactor-core-3.7.7.jar:3.7.7]
		at reactor.core.publisher.FluxContextWrite$ContextWriteSubscriber.onComplete(FluxContextWrite.java:126) ~[reactor-core-3.7.7.jar:3.7.7]
		at reactor.core.publisher.FluxMapFuseable$MapFuseableConditionalSubscriber.onComplete(FluxMapFuseable.java:350) ~[reactor-core-3.7.7.jar:3.7.7]
		at reactor.core.publisher.FluxFilterFuseable$FilterFuseableConditionalSubscriber.onComplete(FluxFilterFuseable.java:391) ~[reactor-core-3.7.7.jar:3.7.7]
		at reactor.core.publisher.Operators$BaseFluxToMonoOperator.completePossiblyEmpty(Operators.java:2097) ~[reactor-core-3.7.7.jar:3.7.7]
		at reactor.core.publisher.MonoCollect$CollectSubscriber.onComplete(MonoCollect.java:145) ~[reactor-core-3.7.7.jar:3.7.7]
		at reactor.core.publisher.FluxMap$MapSubscriber.onComplete(FluxMap.java:144) ~[reactor-core-3.7.7.jar:3.7.7]
		at reactor.core.publisher.FluxPeek$PeekSubscriber.onComplete(FluxPeek.java:260) ~[reactor-core-3.7.7.jar:3.7.7]
		at reactor.core.publisher.FluxMap$MapSubscriber.onComplete(FluxMap.java:144) ~[reactor-core-3.7.7.jar:3.7.7]
		at reactor.netty.channel.FluxReceive.onInboundComplete(FluxReceive.java:413) ~[reactor-netty-core-1.2.7.jar:1.2.7]
		at reactor.netty.channel.ChannelOperations.onInboundComplete(ChannelOperations.java:455) ~[reactor-netty-core-1.2.7.jar:1.2.7]
		at reactor.netty.channel.ChannelOperations.terminate(ChannelOperations.java:509) ~[reactor-netty-core-1.2.7.jar:1.2.7]
		at reactor.netty.http.client.HttpClientOperations.onInboundNext(HttpClientOperations.java:821) ~[reactor-netty-http-1.2.7.jar:1.2.7]
		at reactor.netty.channel.ChannelOperationsHandler.channelRead(ChannelOperationsHandler.java:115) ~[reactor-netty-core-1.2.7.jar:1.2.7]
		at io.netty.channel.AbstractChannelHandlerContext.invokeChannelRead(AbstractChannelHandlerContext.java:444) ~[netty-transport-4.1.122.Final.jar:4.1.122.Final]
		at io.netty.channel.AbstractChannelHandlerContext.invokeChannelRead(AbstractChannelHandlerContext.java:420) ~[netty-transport-4.1.122.Final.jar:4.1.122.Final]
		at io.netty.channel.AbstractChannelHandlerContext.fireChannelRead(AbstractChannelHandlerContext.java:412) ~[netty-transport-4.1.122.Final.jar:4.1.122.Final]
		at io.netty.handler.codec.MessageToMessageDecoder.channelRead(MessageToMessageDecoder.java:107) ~[netty-codec-4.1.122.Final.jar:4.1.122.Final]
		at io.netty.channel.AbstractChannelHandlerContext.invokeChannelRead(AbstractChannelHandlerContext.java:444) ~[netty-transport-4.1.122.Final.jar:4.1.122.Final]
		at io.netty.channel.AbstractChannelHandlerContext.invokeChannelRead(AbstractChannelHandlerContext.java:420) ~[netty-transport-4.1.122.Final.jar:4.1.122.Final]
		at io.netty.channel.AbstractChannelHandlerContext.fireChannelRead(AbstractChannelHandlerContext.java:412) ~[netty-transport-4.1.122.Final.jar:4.1.122.Final]
		at io.netty.channel.CombinedChannelDuplexHandler$DelegatingChannelHandlerContext.fireChannelRead(CombinedChannelDuplexHandler.java:436) ~[netty-transport-4.1.122.Final.jar:4.1.122.Final]
		at io.netty.handler.codec.ByteToMessageDecoder.fireChannelRead(ByteToMessageDecoder.java:346) ~[netty-codec-4.1.122.Final.jar:4.1.122.Final]
		at io.netty.handler.codec.ByteToMessageDecoder.channelRead(ByteToMessageDecoder.java:318) ~[netty-codec-4.1.122.Final.jar:4.1.122.Final]
		at io.netty.channel.CombinedChannelDuplexHandler.channelRead(CombinedChannelDuplexHandler.java:251) ~[netty-transport-4.1.122.Final.jar:4.1.122.Final]
		at io.netty.channel.AbstractChannelHandlerContext.invokeChannelRead(AbstractChannelHandlerContext.java:442) ~[netty-transport-4.1.122.Final.jar:4.1.122.Final]
		at io.netty.channel.AbstractChannelHandlerContext.invokeChannelRead(AbstractChannelHandlerContext.java:420) ~[netty-transport-4.1.122.Final.jar:4.1.122.Final]
		at io.netty.channel.AbstractChannelHandlerContext.fireChannelRead(AbstractChannelHandlerContext.java:412) ~[netty-transport-4.1.122.Final.jar:4.1.122.Final]
		at io.netty.channel.DefaultChannelPipeline$HeadContext.channelRead(DefaultChannelPipeline.java:1357) ~[netty-transport-4.1.122.Final.jar:4.1.122.Final]
		at io.netty.channel.AbstractChannelHandlerContext.invokeChannelRead(AbstractChannelHandlerContext.java:440) ~[netty-transport-4.1.122.Final.jar:4.1.122.Final]
		at io.netty.channel.AbstractChannelHandlerContext.invokeChannelRead(AbstractChannelHandlerContext.java:420) ~[netty-transport-4.1.122.Final.jar:4.1.122.Final]
		at io.netty.channel.DefaultChannelPipeline.fireChannelRead(DefaultChannelPipeline.java:868) ~[netty-transport-4.1.122.Final.jar:4.1.122.Final]
		at io.netty.channel.nio.AbstractNioByteChannel$NioByteUnsafe.read(AbstractNioByteChannel.java:166) ~[netty-transport-4.1.122.Final.jar:4.1.122.Final]
		at io.netty.channel.nio.NioEventLoop.processSelectedKey(NioEventLoop.java:796) ~[netty-transport-4.1.122.Final.jar:4.1.122.Final]
		at io.netty.channel.nio.NioEventLoop.processSelectedKeysOptimized(NioEventLoop.java:732) ~[netty-transport-4.1.122.Final.jar:4.1.122.Final]
		at io.netty.channel.nio.NioEventLoop.processSelectedKeys(NioEventLoop.java:658) ~[netty-transport-4.1.122.Final.jar:4.1.122.Final]
		at io.netty.channel.nio.NioEventLoop.run(NioEventLoop.java:562) ~[netty-transport-4.1.122.Final.jar:4.1.122.Final]
		at io.netty.util.concurrent.SingleThreadEventExecutor$4.run(SingleThreadEventExecutor.java:998) ~[netty-common-4.1.122.Final.jar:4.1.122.Final]
		at io.netty.util.internal.ThreadExecutorMap$2.run(ThreadExecutorMap.java:74) ~[netty-common-4.1.122.Final.jar:4.1.122.Final]
		at io.netty.util.concurrent.FastThreadLocalRunnable.run(FastThreadLocalRunnable.java:30) ~[netty-common-4.1.122.Final.jar:4.1.122.Final]
		at java.base/java.lang.Thread.run(Thread.java:1583) ~[na:na]
	Suppressed: java.lang.Exception: #block terminated with an error
		at reactor.core.publisher.BlockingSingleSubscriber.blockingGet(BlockingSingleSubscriber.java:104) ~[reactor-core-3.7.7.jar:3.7.7]
		at reactor.core.publisher.Mono.block(Mono.java:1779) ~[reactor-core-3.7.7.jar:3.7.7]
		at cl.duoc.pedido.Client.CartClient.getCartItems(CartClient.java:25) ~[classes/:na]
		at cl.duoc.pedido.service.OrderService.createOrder(OrderService.java:60) ~[classes/:na]
		at cl.duoc.pedido.controller.OrderController.createOrder(OrderController.java:40) ~[classes/:na]
		at java.base/jdk.internal.reflect.DirectMethodHandleAccessor.invoke(DirectMethodHandleAccessor.java:103) ~[na:na]
		at java.base/java.lang.reflect.Method.invoke(Method.java:580) ~[na:na]
		at org.springframework.web.method.support.InvocableHandlerMethod.doInvoke(InvocableHandlerMethod.java:258) ~[spring-web-6.2.8.jar:6.2.8]
		at org.springframework.web.method.support.InvocableHandlerMethod.invokeForRequest(InvocableHandlerMethod.java:191) ~[spring-web-6.2.8.jar:6.2.8]
		at org.springframework.web.servlet.mvc.method.annotation.ServletInvocableHandlerMethod.invokeAndHandle(ServletInvocableHandlerMethod.java:118) ~[spring-webmvc-6.2.8.jar:6.2.8]
		at org.springframework.web.servlet.mvc.method.annotation.RequestMappingHandlerAdapter.invokeHandlerMethod(RequestMappingHandlerAdapter.java:986) ~[spring-webmvc-6.2.8.jar:6.2.8]
		at org.springframework.web.servlet.mvc.method.annotation.RequestMappingHandlerAdapter.handleInternal(RequestMappingHandlerAdapter.java:891) ~[spring-webmvc-6.2.8.jar:6.2.8]
		at org.springframework.web.servlet.mvc.method.AbstractHandlerMethodAdapter.handle(AbstractHandlerMethodAdapter.java:87) ~[spring-webmvc-6.2.8.jar:6.2.8]
		at org.springframework.web.servlet.DispatcherServlet.doDispatch(DispatcherServlet.java:1089) ~[spring-webmvc-6.2.8.jar:6.2.8]
		at org.springframework.web.servlet.DispatcherServlet.doService(DispatcherServlet.java:979) ~[spring-webmvc-6.2.8.jar:6.2.8]
		at org.springframework.web.servlet.FrameworkServlet.processRequest(FrameworkServlet.java:1014) ~[spring-webmvc-6.2.8.jar:6.2.8]
		at org.springframework.web.servlet.FrameworkServlet.doPost(FrameworkServlet.java:914) ~[spring-webmvc-6.2.8.jar:6.2.8]
		at jakarta.servlet.http.HttpServlet.service(HttpServlet.java:590) ~[tomcat-embed-core-10.1.42.jar:6.0]
		at org.springframework.web.servlet.FrameworkServlet.service(FrameworkServlet.java:885) ~[spring-webmvc-6.2.8.jar:6.2.8]
		at jakarta.servlet.http.HttpServlet.service(HttpServlet.java:658) ~[tomcat-embed-core-10.1.42.jar:6.0]
		at org.apache.catalina.core.ApplicationFilterChain.internalDoFilter(ApplicationFilterChain.java:195) ~[tomcat-embed-core-10.1.42.jar:10.1.42]
		at org.apache.catalina.core.ApplicationFilterChain.doFilter(ApplicationFilterChain.java:140) ~[tomcat-embed-core-10.1.42.jar:10.1.42]
		at org.apache.tomcat.websocket.server.WsFilter.doFilter(WsFilter.java:51) ~[tomcat-embed-websocket-10.1.42.jar:10.1.42]
		at org.apache.catalina.core.ApplicationFilterChain.internalDoFilter(ApplicationFilterChain.java:164) ~[tomcat-embed-core-10.1.42.jar:10.1.42]
		at org.apache.catalina.core.ApplicationFilterChain.doFilter(ApplicationFilterChain.java:140) ~[tomcat-embed-core-10.1.42.jar:10.1.42]
		at org.springframework.web.filter.OncePerRequestFilter.doFilter(OncePerRequestFilter.java:110) ~[spring-web-6.2.8.jar:6.2.8]
		at org.apache.catalina.core.ApplicationFilterChain.internalDoFilter(ApplicationFilterChain.java:164) ~[tomcat-embed-core-10.1.42.jar:10.1.42]
		at org.apache.catalina.core.ApplicationFilterChain.doFilter(ApplicationFilterChain.java:140) ~[tomcat-embed-core-10.1.42.jar:10.1.42]
		at org.springframework.web.filter.CompositeFilter$VirtualFilterChain.doFilter(CompositeFilter.java:108) ~[spring-web-6.2.8.jar:6.2.8]
		at org.springframework.web.filter.CompositeFilter$VirtualFilterChain.doFilter(CompositeFilter.java:108) ~[spring-web-6.2.8.jar:6.2.8]
		at org.springframework.security.web.FilterChainProxy.lambda$doFilterInternal$3(FilterChainProxy.java:231) ~[spring-security-web-6.5.1.jar:6.5.1]
		at org.springframework.security.web.ObservationFilterChainDecorator$FilterObservation$SimpleFilterObservation.lambda$wrap$1(ObservationFilterChainDecorator.java:479) ~[spring-security-web-6.5.1.jar:6.5.1]
		at org.springframework.security.web.ObservationFilterChainDecorator$AroundFilterObservation$SimpleAroundFilterObservation.lambda$wrap$1(ObservationFilterChainDecorator.java:340) ~[spring-security-web-6.5.1.jar:6.5.1]
		at org.springframework.security.web.ObservationFilterChainDecorator.lambda$wrapSecured$0(ObservationFilterChainDecorator.java:82) ~[spring-security-web-6.5.1.jar:6.5.1]
		at org.springframework.security.web.ObservationFilterChainDecorator$VirtualFilterChain.doFilter(ObservationFilterChainDecorator.java:128) ~[spring-security-web-6.5.1.jar:6.5.1]
		at org.springframework.security.web.access.intercept.AuthorizationFilter.doFilter(AuthorizationFilter.java:101) ~[spring-security-web-6.5.1.jar:6.5.1]
		at org.springframework.security.web.ObservationFilterChainDecorator$ObservationFilter.wrapFilter(ObservationFilterChainDecorator.java:240) ~[spring-security-web-6.5.1.jar:6.5.1]
		at org.springframework.security.web.ObservationFilterChainDecorator$ObservationFilter.doFilter(ObservationFilterChainDecorator.java:227) ~[spring-security-web-6.5.1.jar:6.5.1]
		at org.springframework.security.web.ObservationFilterChainDecorator$VirtualFilterChain.doFilter(ObservationFilterChainDecorator.java:137) ~[spring-security-web-6.5.1.jar:6.5.1]
		at org.springframework.security.web.access.ExceptionTranslationFilter.doFilter(ExceptionTranslationFilter.java:125) ~[spring-security-web-6.5.1.jar:6.5.1]
		at org.springframework.security.web.access.ExceptionTranslationFilter.doFilter(ExceptionTranslationFilter.java:119) ~[spring-security-web-6.5.1.jar:6.5.1]
		at org.springframework.security.web.ObservationFilterChainDecorator$ObservationFilter.wrapFilter(ObservationFilterChainDecorator.java:240) ~[spring-security-web-6.5.1.jar:6.5.1]
		at org.springframework.security.web.ObservationFilterChainDecorator$ObservationFilter.doFilter(ObservationFilterChainDecorator.java:227) ~[spring-security-web-6.5.1.jar:6.5.1]
		at org.springframework.security.web.ObservationFilterChainDecorator$VirtualFilterChain.doFilter(ObservationFilterChainDecorator.java:137) ~[spring-security-web-6.5.1.jar:6.5.1]
		at org.springframework.security.web.session.SessionManagementFilter.doFilter(SessionManagementFilter.java:131) ~[spring-security-web-6.5.1.jar:6.5.1]
		at org.springframework.security.web.session.SessionManagementFilter.doFilter(SessionManagementFilter.java:85) ~[spring-security-web-6.5.1.jar:6.5.1]
		at org.springframework.security.web.ObservationFilterChainDecorator$ObservationFilter.wrapFilter(ObservationFilterChainDecorator.java:240) ~[spring-security-web-6.5.1.jar:6.5.1]
		at org.springframework.security.web.ObservationFilterChainDecorator$ObservationFilter.doFilter(ObservationFilterChainDecorator.java:227) ~[spring-security-web-6.5.1.jar:6.5.1]
		at org.springframework.security.web.ObservationFilterChainDecorator$VirtualFilterChain.doFilter(ObservationFilterChainDecorator.java:137) ~[spring-security-web-6.5.1.jar:6.5.1]
		at org.springframework.security.web.authentication.AnonymousAuthenticationFilter.doFilter(AnonymousAuthenticationFilter.java:100) ~[spring-security-web-6.5.1.jar:6.5.1]
		at org.springframework.security.web.ObservationFilterChainDecorator$ObservationFilter.wrapFilter(ObservationFilterChainDecorator.java:240) ~[spring-security-web-6.5.1.jar:6.5.1]
		at org.springframework.security.web.ObservationFilterChainDecorator$ObservationFilter.doFilter(ObservationFilterChainDecorator.java:227) ~[spring-security-web-6.5.1.jar:6.5.1]
		at org.springframework.security.web.ObservationFilterChainDecorator$VirtualFilterChain.doFilter(ObservationFilterChainDecorator.java:137) ~[spring-security-web-6.5.1.jar:6.5.1]
		at org.springframework.security.web.servletapi.SecurityContextHolderAwareRequestFilter.doFilter(SecurityContextHolderAwareRequestFilter.java:179) ~[spring-security-web-6.5.1.jar:6.5.1]
		at org.springframework.security.web.ObservationFilterChainDecorator$ObservationFilter.wrapFilter(ObservationFilterChainDecorator.java:240) ~[spring-security-web-6.5.1.jar:6.5.1]
		at org.springframework.security.web.ObservationFilterChainDecorator$ObservationFilter.doFilter(ObservationFilterChainDecorator.java:227) ~[spring-security-web-6.5.1.jar:6.5.1]
		at org.springframework.security.web.ObservationFilterChainDecorator$VirtualFilterChain.doFilter(ObservationFilterChainDecorator.java:137) ~[spring-security-web-6.5.1.jar:6.5.1]
		at org.springframework.security.web.savedrequest.RequestCacheAwareFilter.doFilter(RequestCacheAwareFilter.java:63) ~[spring-security-web-6.5.1.jar:6.5.1]
		at org.springframework.security.web.ObservationFilterChainDecorator$ObservationFilter.wrapFilter(ObservationFilterChainDecorator.java:240) ~[spring-security-web-6.5.1.jar:6.5.1]
		at org.springframework.security.web.ObservationFilterChainDecorator$ObservationFilter.doFilter(ObservationFilterChainDecorator.java:227) ~[spring-security-web-6.5.1.jar:6.5.1]
		at org.springframework.security.web.ObservationFilterChainDecorator$VirtualFilterChain.doFilter(ObservationFilterChainDecorator.java:137) ~[spring-security-web-6.5.1.jar:6.5.1]
		at cl.duoc.pedido.security.JwtAuthFilter.doFilterInternal(JwtAuthFilter.java:67) ~[classes/:na]
		at org.springframework.web.filter.OncePerRequestFilter.doFilter(OncePerRequestFilter.java:116) ~[spring-web-6.2.8.jar:6.2.8]
		at org.springframework.security.web.ObservationFilterChainDecorator$ObservationFilter.wrapFilter(ObservationFilterChainDecorator.java:240) ~[spring-security-web-6.5.1.jar:6.5.1]
		at org.springframework.security.web.ObservationFilterChainDecorator$ObservationFilter.doFilter(ObservationFilterChainDecorator.java:227) ~[spring-security-web-6.5.1.jar:6.5.1]
		at org.springframework.security.web.ObservationFilterChainDecorator$VirtualFilterChain.doFilter(ObservationFilterChainDecorator.java:137) ~[spring-security-web-6.5.1.jar:6.5.1]
		at org.springframework.security.web.authentication.logout.LogoutFilter.doFilter(LogoutFilter.java:107) ~[spring-security-web-6.5.1.jar:6.5.1]
		at org.springframework.security.web.authentication.logout.LogoutFilter.doFilter(LogoutFilter.java:93) ~[spring-security-web-6.5.1.jar:6.5.1]
		at org.springframework.security.web.ObservationFilterChainDecorator$ObservationFilter.wrapFilter(ObservationFilterChainDecorator.java:240) ~[spring-security-web-6.5.1.jar:6.5.1]
		at org.springframework.security.web.ObservationFilterChainDecorator$ObservationFilter.doFilter(ObservationFilterChainDecorator.java:227) ~[spring-security-web-6.5.1.jar:6.5.1]
		at org.springframework.security.web.ObservationFilterChainDecorator$VirtualFilterChain.doFilter(ObservationFilterChainDecorator.java:137) ~[spring-security-web-6.5.1.jar:6.5.1]
		at org.springframework.security.web.header.HeaderWriterFilter.doHeadersAfter(HeaderWriterFilter.java:90) ~[spring-security-web-6.5.1.jar:6.5.1]
		at org.springframework.security.web.header.HeaderWriterFilter.doFilterInternal(HeaderWriterFilter.java:75) ~[spring-security-web-6.5.1.jar:6.5.1]
		at org.springframework.web.filter.OncePerRequestFilter.doFilter(OncePerRequestFilter.java:116) ~[spring-web-6.2.8.jar:6.2.8]
		at org.springframework.security.web.ObservationFilterChainDecorator$ObservationFilter.wrapFilter(ObservationFilterChainDecorator.java:240) ~[spring-security-web-6.5.1.jar:6.5.1]
		at org.springframework.security.web.ObservationFilterChainDecorator$ObservationFilter.doFilter(ObservationFilterChainDecorator.java:227) ~[spring-security-web-6.5.1.jar:6.5.1]
		at org.springframework.security.web.ObservationFilterChainDecorator$VirtualFilterChain.doFilter(ObservationFilterChainDecorator.java:137) ~[spring-security-web-6.5.1.jar:6.5.1]
		at org.springframework.security.web.context.SecurityContextHolderFilter.doFilter(SecurityContextHolderFilter.java:82) ~[spring-security-web-6.5.1.jar:6.5.1]
		at org.springframework.security.web.context.SecurityContextHolderFilter.doFilter(SecurityContextHolderFilter.java:69) ~[spring-security-web-6.5.1.jar:6.5.1]
		at org.springframework.security.web.ObservationFilterChainDecorator$ObservationFilter.wrapFilter(ObservationFilterChainDecorator.java:240) ~[spring-security-web-6.5.1.jar:6.5.1]
		at org.springframework.security.web.ObservationFilterChainDecorator$ObservationFilter.doFilter(ObservationFilterChainDecorator.java:227) ~[spring-security-web-6.5.1.jar:6.5.1]
		at org.springframework.security.web.ObservationFilterChainDecorator$VirtualFilterChain.doFilter(ObservationFilterChainDecorator.java:137) ~[spring-security-web-6.5.1.jar:6.5.1]
		at org.springframework.security.web.context.request.async.WebAsyncManagerIntegrationFilter.doFilterInternal(WebAsyncManagerIntegrationFilter.java:62) ~[spring-security-web-6.5.1.jar:6.5.1]
		at org.springframework.web.filter.OncePerRequestFilter.doFilter(OncePerRequestFilter.java:116) ~[spring-web-6.2.8.jar:6.2.8]
		at org.springframework.security.web.ObservationFilterChainDecorator$ObservationFilter.wrapFilter(ObservationFilterChainDecorator.java:240) ~[spring-security-web-6.5.1.jar:6.5.1]
		at org.springframework.security.web.ObservationFilterChainDecorator$ObservationFilter.doFilter(ObservationFilterChainDecorator.java:227) ~[spring-security-web-6.5.1.jar:6.5.1]
		at org.springframework.security.web.ObservationFilterChainDecorator$VirtualFilterChain.doFilter(ObservationFilterChainDecorator.java:137) ~[spring-security-web-6.5.1.jar:6.5.1]
		at org.springframework.security.web.session.DisableEncodeUrlFilter.doFilterInternal(DisableEncodeUrlFilter.java:42) ~[spring-security-web-6.5.1.jar:6.5.1]
		at org.springframework.web.filter.OncePerRequestFilter.doFilter(OncePerRequestFilter.java:116) ~[spring-web-6.2.8.jar:6.2.8]
		at org.springframework.security.web.ObservationFilterChainDecorator$ObservationFilter.wrapFilter(ObservationFilterChainDecorator.java:240) ~[spring-security-web-6.5.1.jar:6.5.1]
		at org.springframework.security.web.ObservationFilterChainDecorator$AroundFilterObservation$SimpleAroundFilterObservation.lambda$wrap$0(ObservationFilterChainDecorator.java:323) ~[spring-security-web-6.5.1.jar:6.5.1]
		at org.springframework.security.web.ObservationFilterChainDecorator$ObservationFilter.doFilter(ObservationFilterChainDecorator.java:224) ~[spring-security-web-6.5.1.jar:6.5.1]
		at org.springframework.security.web.ObservationFilterChainDecorator$VirtualFilterChain.doFilter(ObservationFilterChainDecorator.java:137) ~[spring-security-web-6.5.1.jar:6.5.1]
		at org.springframework.security.web.FilterChainProxy.doFilterInternal(FilterChainProxy.java:233) ~[spring-security-web-6.5.1.jar:6.5.1]
		at org.springframework.security.web.FilterChainProxy.doFilter(FilterChainProxy.java:191) ~[spring-security-web-6.5.1.jar:6.5.1]
		at org.springframework.web.filter.CompositeFilter$VirtualFilterChain.doFilter(CompositeFilter.java:113) ~[spring-web-6.2.8.jar:6.2.8]
		at org.springframework.web.filter.ServletRequestPathFilter.doFilter(ServletRequestPathFilter.java:52) ~[spring-web-6.2.8.jar:6.2.8]
		at org.springframework.web.filter.CompositeFilter$VirtualFilterChain.doFilter(CompositeFilter.java:113) ~[spring-web-6.2.8.jar:6.2.8]
		at org.springframework.web.filter.CompositeFilter.doFilter(CompositeFilter.java:74) ~[spring-web-6.2.8.jar:6.2.8]
		at org.springframework.security.config.annotation.web.configuration.WebSecurityConfiguration$CompositeFilterChainProxy.doFilter(WebSecurityConfiguration.java:319) ~[spring-security-config-6.5.1.jar:6.5.1]
		at org.springframework.web.filter.CompositeFilter$VirtualFilterChain.doFilter(CompositeFilter.java:113) ~[spring-web-6.2.8.jar:6.2.8]
		at org.springframework.web.servlet.handler.HandlerMappingIntrospector.lambda$createCacheFilter$4(HandlerMappingIntrospector.java:267) ~[spring-webmvc-6.2.8.jar:6.2.8]
		at org.springframework.web.filter.CompositeFilter$VirtualFilterChain.doFilter(CompositeFilter.java:113) ~[spring-web-6.2.8.jar:6.2.8]
		at org.springframework.web.filter.CompositeFilter.doFilter(CompositeFilter.java:74) ~[spring-web-6.2.8.jar:6.2.8]
		at org.springframework.security.config.annotation.web.configuration.WebMvcSecurityConfiguration$CompositeFilterChainProxy.doFilter(WebMvcSecurityConfiguration.java:240) ~[spring-security-config-6.5.1.jar:6.5.1]
		at org.springframework.web.filter.DelegatingFilterProxy.invokeDelegate(DelegatingFilterProxy.java:362) ~[spring-web-6.2.8.jar:6.2.8]
		at org.springframework.web.filter.DelegatingFilterProxy.doFilter(DelegatingFilterProxy.java:278) ~[spring-web-6.2.8.jar:6.2.8]
		at org.apache.catalina.core.ApplicationFilterChain.internalDoFilter(ApplicationFilterChain.java:164) ~[tomcat-embed-core-10.1.42.jar:10.1.42]
		at org.apache.catalina.core.ApplicationFilterChain.doFilter(ApplicationFilterChain.java:140) ~[tomcat-embed-core-10.1.42.jar:10.1.42]
		at org.springframework.web.filter.RequestContextFilter.doFilterInternal(RequestContextFilter.java:100) ~[spring-web-6.2.8.jar:6.2.8]
		at org.springframework.web.filter.OncePerRequestFilter.doFilter(OncePerRequestFilter.java:116) ~[spring-web-6.2.8.jar:6.2.8]
		at org.apache.catalina.core.ApplicationFilterChain.internalDoFilter(ApplicationFilterChain.java:164) ~[tomcat-embed-core-10.1.42.jar:10.1.42]
		at org.apache.catalina.core.ApplicationFilterChain.doFilter(ApplicationFilterChain.java:140) ~[tomcat-embed-core-10.1.42.jar:10.1.42]
		at org.springframework.web.filter.FormContentFilter.doFilterInternal(FormContentFilter.java:93) ~[spring-web-6.2.8.jar:6.2.8]
		at org.springframework.web.filter.OncePerRequestFilter.doFilter(OncePerRequestFilter.java:116) ~[spring-web-6.2.8.jar:6.2.8]
		at org.apache.catalina.core.ApplicationFilterChain.internalDoFilter(ApplicationFilterChain.java:164) ~[tomcat-embed-core-10.1.42.jar:10.1.42]
		at org.apache.catalina.core.ApplicationFilterChain.doFilter(ApplicationFilterChain.java:140) ~[tomcat-embed-core-10.1.42.jar:10.1.42]
		at org.springframework.web.filter.ServerHttpObservationFilter.doFilterInternal(ServerHttpObservationFilter.java:114) ~[spring-web-6.2.8.jar:6.2.8]
		at org.springframework.web.filter.OncePerRequestFilter.doFilter(OncePerRequestFilter.java:116) ~[spring-web-6.2.8.jar:6.2.8]
		at org.apache.catalina.core.ApplicationFilterChain.internalDoFilter(ApplicationFilterChain.java:164) ~[tomcat-embed-core-10.1.42.jar:10.1.42]
		at org.apache.catalina.core.ApplicationFilterChain.doFilter(ApplicationFilterChain.java:140) ~[tomcat-embed-core-10.1.42.jar:10.1.42]
		at org.springframework.web.filter.CharacterEncodingFilter.doFilterInternal(CharacterEncodingFilter.java:201) ~[spring-web-6.2.8.jar:6.2.8]
		at org.springframework.web.filter.OncePerRequestFilter.doFilter(OncePerRequestFilter.java:116) ~[spring-web-6.2.8.jar:6.2.8]
		at org.apache.catalina.core.ApplicationFilterChain.internalDoFilter(ApplicationFilterChain.java:164) ~[tomcat-embed-core-10.1.42.jar:10.1.42]
		at org.apache.catalina.core.ApplicationFilterChain.doFilter(ApplicationFilterChain.java:140) ~[tomcat-embed-core-10.1.42.jar:10.1.42]
		at org.apache.catalina.core.StandardWrapperValve.invoke(StandardWrapperValve.java:167) ~[tomcat-embed-core-10.1.42.jar:10.1.42]
		at org.apache.catalina.core.StandardContextValve.invoke(StandardContextValve.java:90) ~[tomcat-embed-core-10.1.42.jar:10.1.42]
		at org.apache.catalina.authenticator.AuthenticatorBase.invoke(AuthenticatorBase.java:483) ~[tomcat-embed-core-10.1.42.jar:10.1.42]
		at org.apache.catalina.core.StandardHostValve.invoke(StandardHostValve.java:116) ~[tomcat-embed-core-10.1.42.jar:10.1.42]
		at org.apache.catalina.valves.ErrorReportValve.invoke(ErrorReportValve.java:93) ~[tomcat-embed-core-10.1.42.jar:10.1.42]
		at org.apache.catalina.core.StandardEngineValve.invoke(StandardEngineValve.java:74) ~[tomcat-embed-core-10.1.42.jar:10.1.42]
		at org.apache.catalina.connector.CoyoteAdapter.service(CoyoteAdapter.java:344) ~[tomcat-embed-core-10.1.42.jar:10.1.42]
		at org.apache.coyote.http11.Http11Processor.service(Http11Processor.java:398) ~[tomcat-embed-core-10.1.42.jar:10.1.42]
		at org.apache.coyote.AbstractProcessorLight.process(AbstractProcessorLight.java:63) ~[tomcat-embed-core-10.1.42.jar:10.1.42]
		at org.apache.coyote.AbstractProtocol$ConnectionHandler.process(AbstractProtocol.java:903) ~[tomcat-embed-core-10.1.42.jar:10.1.42]
		at org.apache.tomcat.util.net.NioEndpoint$SocketProcessor.doRun(NioEndpoint.java:1769) ~[tomcat-embed-core-10.1.42.jar:10.1.42]
		at org.apache.tomcat.util.net.SocketProcessorBase.run(SocketProcessorBase.java:52) ~[tomcat-embed-core-10.1.42.jar:10.1.42]
		at org.apache.tomcat.util.threads.ThreadPoolExecutor.runWorker(ThreadPoolExecutor.java:1189) ~[tomcat-embed-core-10.1.42.jar:10.1.42]
		at org.apache.tomcat.util.threads.ThreadPoolExecutor$Worker.run(ThreadPoolExecutor.java:658) ~[tomcat-embed-core-10.1.42.jar:10.1.42]
		at org.apache.tomcat.util.threads.TaskThread$WrappingRunnable.run(TaskThread.java:63) ~[tomcat-embed-core-10.1.42.jar:10.1.42]
		at java.base/java.lang.Thread.run(Thread.java:1583) ~[na:na]

2026-06-20T17:06:04.796-04:00  INFO 24024 --- [pedido] [http-nio-8086-exec-4] c.d.pedido.controller.OrderController    : Creando pedido para usuario 1
2026-06-20T17:06:04.797-04:00  INFO 24024 --- [pedido] [http-nio-8086-exec-4] cl.duoc.pedido.service.OrderService      : Creando pedido para usuario 1
2026-06-20T17:06:04.817-04:00 ERROR 24024 --- [pedido] [http-nio-8086-exec-4] c.d.p.e.handler.GlobalExceptionHandler   : Error inesperado

org.springframework.web.reactive.function.client.WebClientResponseException$Forbidden: 403 Forbidden from GET http://172.20.64.1:8082/api/cart
	at org.springframework.web.reactive.function.client.WebClientResponseException.create(WebClientResponseException.java:323) ~[spring-webflux-6.2.8.jar:6.2.8]
	Suppressed: reactor.core.publisher.FluxOnAssembly$OnAssemblyException: 
Error has been observed at the following site(s):
	*__checkpoint ⇢ 403 FORBIDDEN from GET http://cart/api/cart [DefaultWebClient]
Original Stack Trace:
		at org.springframework.web.reactive.function.client.WebClientResponseException.create(WebClientResponseException.java:323) ~[spring-webflux-6.2.8.jar:6.2.8]
		at org.springframework.web.reactive.function.client.DefaultClientResponse.lambda$createException$1(DefaultClientResponse.java:214) ~[spring-webflux-6.2.8.jar:6.2.8]
		at reactor.core.publisher.FluxMap$MapSubscriber.onNext(FluxMap.java:106) ~[reactor-core-3.7.7.jar:3.7.7]
		at reactor.core.publisher.FluxOnErrorReturn$ReturnSubscriber.onNext(FluxOnErrorReturn.java:162) ~[reactor-core-3.7.7.jar:3.7.7]
		at reactor.core.publisher.Operators$BaseFluxToMonoOperator.completePossiblyEmpty(Operators.java:2096) ~[reactor-core-3.7.7.jar:3.7.7]
		at reactor.core.publisher.FluxDefaultIfEmpty$DefaultIfEmptySubscriber.onComplete(FluxDefaultIfEmpty.java:134) ~[reactor-core-3.7.7.jar:3.7.7]
		at reactor.core.publisher.FluxMapFuseable$MapFuseableSubscriber.onComplete(FluxMapFuseable.java:152) ~[reactor-core-3.7.7.jar:3.7.7]
		at reactor.core.publisher.FluxContextWrite$ContextWriteSubscriber.onComplete(FluxContextWrite.java:126) ~[reactor-core-3.7.7.jar:3.7.7]
		at reactor.core.publisher.FluxMapFuseable$MapFuseableConditionalSubscriber.onComplete(FluxMapFuseable.java:350) ~[reactor-core-3.7.7.jar:3.7.7]
		at reactor.core.publisher.FluxFilterFuseable$FilterFuseableConditionalSubscriber.onComplete(FluxFilterFuseable.java:391) ~[reactor-core-3.7.7.jar:3.7.7]
		at reactor.core.publisher.Operators$BaseFluxToMonoOperator.completePossiblyEmpty(Operators.java:2097) ~[reactor-core-3.7.7.jar:3.7.7]
		at reactor.core.publisher.MonoCollect$CollectSubscriber.onComplete(MonoCollect.java:145) ~[reactor-core-3.7.7.jar:3.7.7]
		at reactor.core.publisher.FluxMap$MapSubscriber.onComplete(FluxMap.java:144) ~[reactor-core-3.7.7.jar:3.7.7]
		at reactor.core.publisher.FluxPeek$PeekSubscriber.onComplete(FluxPeek.java:260) ~[reactor-core-3.7.7.jar:3.7.7]
		at reactor.core.publisher.FluxMap$MapSubscriber.onComplete(FluxMap.java:144) ~[reactor-core-3.7.7.jar:3.7.7]
		at reactor.netty.channel.FluxReceive.onInboundComplete(FluxReceive.java:413) ~[reactor-netty-core-1.2.7.jar:1.2.7]
		at reactor.netty.channel.ChannelOperations.onInboundComplete(ChannelOperations.java:455) ~[reactor-netty-core-1.2.7.jar:1.2.7]
		at reactor.netty.channel.ChannelOperations.terminate(ChannelOperations.java:509) ~[reactor-netty-core-1.2.7.jar:1.2.7]
		at reactor.netty.http.client.HttpClientOperations.onInboundNext(HttpClientOperations.java:821) ~[reactor-netty-http-1.2.7.jar:1.2.7]
		at reactor.netty.channel.ChannelOperationsHandler.channelRead(ChannelOperationsHandler.java:115) ~[reactor-netty-core-1.2.7.jar:1.2.7]
		at io.netty.channel.AbstractChannelHandlerContext.invokeChannelRead(AbstractChannelHandlerContext.java:444) ~[netty-transport-4.1.122.Final.jar:4.1.122.Final]
		at io.netty.channel.AbstractChannelHandlerContext.invokeChannelRead(AbstractChannelHandlerContext.java:420) ~[netty-transport-4.1.122.Final.jar:4.1.122.Final]
		at io.netty.channel.AbstractChannelHandlerContext.fireChannelRead(AbstractChannelHandlerContext.java:412) ~[netty-transport-4.1.122.Final.jar:4.1.122.Final]
		at io.netty.handler.codec.MessageToMessageDecoder.channelRead(MessageToMessageDecoder.java:107) ~[netty-codec-4.1.122.Final.jar:4.1.122.Final]
		at io.netty.channel.AbstractChannelHandlerContext.invokeChannelRead(AbstractChannelHandlerContext.java:444) ~[netty-transport-4.1.122.Final.jar:4.1.122.Final]
		at io.netty.channel.AbstractChannelHandlerContext.invokeChannelRead(AbstractChannelHandlerContext.java:420) ~[netty-transport-4.1.122.Final.jar:4.1.122.Final]
		at io.netty.channel.AbstractChannelHandlerContext.fireChannelRead(AbstractChannelHandlerContext.java:412) ~[netty-transport-4.1.122.Final.jar:4.1.122.Final]
		at io.netty.channel.CombinedChannelDuplexHandler$DelegatingChannelHandlerContext.fireChannelRead(CombinedChannelDuplexHandler.java:436) ~[netty-transport-4.1.122.Final.jar:4.1.122.Final]
		at io.netty.handler.codec.ByteToMessageDecoder.fireChannelRead(ByteToMessageDecoder.java:346) ~[netty-codec-4.1.122.Final.jar:4.1.122.Final]
		at io.netty.handler.codec.ByteToMessageDecoder.channelRead(ByteToMessageDecoder.java:318) ~[netty-codec-4.1.122.Final.jar:4.1.122.Final]
		at io.netty.channel.CombinedChannelDuplexHandler.channelRead(CombinedChannelDuplexHandler.java:251) ~[netty-transport-4.1.122.Final.jar:4.1.122.Final]
		at io.netty.channel.AbstractChannelHandlerContext.invokeChannelRead(AbstractChannelHandlerContext.java:442) ~[netty-transport-4.1.122.Final.jar:4.1.122.Final]
		at io.netty.channel.AbstractChannelHandlerContext.invokeChannelRead(AbstractChannelHandlerContext.java:420) ~[netty-transport-4.1.122.Final.jar:4.1.122.Final]
		at io.netty.channel.AbstractChannelHandlerContext.fireChannelRead(AbstractChannelHandlerContext.java:412) ~[netty-transport-4.1.122.Final.jar:4.1.122.Final]
		at io.netty.channel.DefaultChannelPipeline$HeadContext.channelRead(DefaultChannelPipeline.java:1357) ~[netty-transport-4.1.122.Final.jar:4.1.122.Final]
		at io.netty.channel.AbstractChannelHandlerContext.invokeChannelRead(AbstractChannelHandlerContext.java:440) ~[netty-transport-4.1.122.Final.jar:4.1.122.Final]
		at io.netty.channel.AbstractChannelHandlerContext.invokeChannelRead(AbstractChannelHandlerContext.java:420) ~[netty-transport-4.1.122.Final.jar:4.1.122.Final]
		at io.netty.channel.DefaultChannelPipeline.fireChannelRead(DefaultChannelPipeline.java:868) ~[netty-transport-4.1.122.Final.jar:4.1.122.Final]
		at io.netty.channel.nio.AbstractNioByteChannel$NioByteUnsafe.read(AbstractNioByteChannel.java:166) ~[netty-transport-4.1.122.Final.jar:4.1.122.Final]
		at io.netty.channel.nio.NioEventLoop.processSelectedKey(NioEventLoop.java:796) ~[netty-transport-4.1.122.Final.jar:4.1.122.Final]
		at io.netty.channel.nio.NioEventLoop.processSelectedKeysOptimized(NioEventLoop.java:732) ~[netty-transport-4.1.122.Final.jar:4.1.122.Final]
		at io.netty.channel.nio.NioEventLoop.processSelectedKeys(NioEventLoop.java:658) ~[netty-transport-4.1.122.Final.jar:4.1.122.Final]
		at io.netty.channel.nio.NioEventLoop.run(NioEventLoop.java:562) ~[netty-transport-4.1.122.Final.jar:4.1.122.Final]
		at io.netty.util.concurrent.SingleThreadEventExecutor$4.run(SingleThreadEventExecutor.java:998) ~[netty-common-4.1.122.Final.jar:4.1.122.Final]
		at io.netty.util.internal.ThreadExecutorMap$2.run(ThreadExecutorMap.java:74) ~[netty-common-4.1.122.Final.jar:4.1.122.Final]
		at io.netty.util.concurrent.FastThreadLocalRunnable.run(FastThreadLocalRunnable.java:30) ~[netty-common-4.1.122.Final.jar:4.1.122.Final]
		at java.base/java.lang.Thread.run(Thread.java:1583) ~[na:na]
	Suppressed: java.lang.Exception: #block terminated with an error
		at reactor.core.publisher.BlockingSingleSubscriber.blockingGet(BlockingSingleSubscriber.java:104) ~[reactor-core-3.7.7.jar:3.7.7]
		at reactor.core.publisher.Mono.block(Mono.java:1779) ~[reactor-core-3.7.7.jar:3.7.7]
		at cl.duoc.pedido.Client.CartClient.getCartItems(CartClient.java:25) ~[classes/:na]
		at cl.duoc.pedido.service.OrderService.createOrder(OrderService.java:60) ~[classes/:na]
		at cl.duoc.pedido.controller.OrderController.createOrder(OrderController.java:40) ~[classes/:na]
		at java.base/jdk.internal.reflect.DirectMethodHandleAccessor.invoke(DirectMethodHandleAccessor.java:103) ~[na:na]
		at java.base/java.lang.reflect.Method.invoke(Method.java:580) ~[na:na]
		at org.springframework.web.method.support.InvocableHandlerMethod.doInvoke(InvocableHandlerMethod.java:258) ~[spring-web-6.2.8.jar:6.2.8]
		at org.springframework.web.method.support.InvocableHandlerMethod.invokeForRequest(InvocableHandlerMethod.java:191) ~[spring-web-6.2.8.jar:6.2.8]
		at org.springframework.web.servlet.mvc.method.annotation.ServletInvocableHandlerMethod.invokeAndHandle(ServletInvocableHandlerMethod.java:118) ~[spring-webmvc-6.2.8.jar:6.2.8]
		at org.springframework.web.servlet.mvc.method.annotation.RequestMappingHandlerAdapter.invokeHandlerMethod(RequestMappingHandlerAdapter.java:986) ~[spring-webmvc-6.2.8.jar:6.2.8]
		at org.springframework.web.servlet.mvc.method.annotation.RequestMappingHandlerAdapter.handleInternal(RequestMappingHandlerAdapter.java:891) ~[spring-webmvc-6.2.8.jar:6.2.8]
		at org.springframework.web.servlet.mvc.method.AbstractHandlerMethodAdapter.handle(AbstractHandlerMethodAdapter.java:87) ~[spring-webmvc-6.2.8.jar:6.2.8]
		at org.springframework.web.servlet.DispatcherServlet.doDispatch(DispatcherServlet.java:1089) ~[spring-webmvc-6.2.8.jar:6.2.8]
		at org.springframework.web.servlet.DispatcherServlet.doService(DispatcherServlet.java:979) ~[spring-webmvc-6.2.8.jar:6.2.8]
		at org.springframework.web.servlet.FrameworkServlet.processRequest(FrameworkServlet.java:1014) ~[spring-webmvc-6.2.8.jar:6.2.8]
		at org.springframework.web.servlet.FrameworkServlet.doPost(FrameworkServlet.java:914) ~[spring-webmvc-6.2.8.jar:6.2.8]
		at jakarta.servlet.http.HttpServlet.service(HttpServlet.java:590) ~[tomcat-embed-core-10.1.42.jar:6.0]
		at org.springframework.web.servlet.FrameworkServlet.service(FrameworkServlet.java:885) ~[spring-webmvc-6.2.8.jar:6.2.8]
		at jakarta.servlet.http.HttpServlet.service(HttpServlet.java:658) ~[tomcat-embed-core-10.1.42.jar:6.0]
		at org.apache.catalina.core.ApplicationFilterChain.internalDoFilter(ApplicationFilterChain.java:195) ~[tomcat-embed-core-10.1.42.jar:10.1.42]
		at org.apache.catalina.core.ApplicationFilterChain.doFilter(ApplicationFilterChain.java:140) ~[tomcat-embed-core-10.1.42.jar:10.1.42]
		at org.apache.tomcat.websocket.server.WsFilter.doFilter(WsFilter.java:51) ~[tomcat-embed-websocket-10.1.42.jar:10.1.42]
		at org.apache.catalina.core.ApplicationFilterChain.internalDoFilter(ApplicationFilterChain.java:164) ~[tomcat-embed-core-10.1.42.jar:10.1.42]
		at org.apache.catalina.core.ApplicationFilterChain.doFilter(ApplicationFilterChain.java:140) ~[tomcat-embed-core-10.1.42.jar:10.1.42]
		at org.springframework.web.filter.OncePerRequestFilter.doFilter(OncePerRequestFilter.java:110) ~[spring-web-6.2.8.jar:6.2.8]
		at org.apache.catalina.core.ApplicationFilterChain.internalDoFilter(ApplicationFilterChain.java:164) ~[tomcat-embed-core-10.1.42.jar:10.1.42]
		at org.apache.catalina.core.ApplicationFilterChain.doFilter(ApplicationFilterChain.java:140) ~[tomcat-embed-core-10.1.42.jar:10.1.42]
		at org.springframework.web.filter.CompositeFilter$VirtualFilterChain.doFilter(CompositeFilter.java:108) ~[spring-web-6.2.8.jar:6.2.8]
		at org.springframework.web.filter.CompositeFilter$VirtualFilterChain.doFilter(CompositeFilter.java:108) ~[spring-web-6.2.8.jar:6.2.8]
		at org.springframework.security.web.FilterChainProxy.lambda$doFilterInternal$3(FilterChainProxy.java:231) ~[spring-security-web-6.5.1.jar:6.5.1]
		at org.springframework.security.web.ObservationFilterChainDecorator$FilterObservation$SimpleFilterObservation.lambda$wrap$1(ObservationFilterChainDecorator.java:479) ~[spring-security-web-6.5.1.jar:6.5.1]
		at org.springframework.security.web.ObservationFilterChainDecorator$AroundFilterObservation$SimpleAroundFilterObservation.lambda$wrap$1(ObservationFilterChainDecorator.java:340) ~[spring-security-web-6.5.1.jar:6.5.1]
		at org.springframework.security.web.ObservationFilterChainDecorator.lambda$wrapSecured$0(ObservationFilterChainDecorator.java:82) ~[spring-security-web-6.5.1.jar:6.5.1]
		at org.springframework.security.web.ObservationFilterChainDecorator$VirtualFilterChain.doFilter(ObservationFilterChainDecorator.java:128) ~[spring-security-web-6.5.1.jar:6.5.1]
		at org.springframework.security.web.access.intercept.AuthorizationFilter.doFilter(AuthorizationFilter.java:101) ~[spring-security-web-6.5.1.jar:6.5.1]
		at org.springframework.security.web.ObservationFilterChainDecorator$ObservationFilter.wrapFilter(ObservationFilterChainDecorator.java:240) ~[spring-security-web-6.5.1.jar:6.5.1]
		at org.springframework.security.web.ObservationFilterChainDecorator$ObservationFilter.doFilter(ObservationFilterChainDecorator.java:227) ~[spring-security-web-6.5.1.jar:6.5.1]
		at org.springframework.security.web.ObservationFilterChainDecorator$VirtualFilterChain.doFilter(ObservationFilterChainDecorator.java:137) ~[spring-security-web-6.5.1.jar:6.5.1]
		at org.springframework.security.web.access.ExceptionTranslationFilter.doFilter(ExceptionTranslationFilter.java:125) ~[spring-security-web-6.5.1.jar:6.5.1]
		at org.springframework.security.web.access.ExceptionTranslationFilter.doFilter(ExceptionTranslationFilter.java:119) ~[spring-security-web-6.5.1.jar:6.5.1]
		at org.springframework.security.web.ObservationFilterChainDecorator$ObservationFilter.wrapFilter(ObservationFilterChainDecorator.java:240) ~[spring-security-web-6.5.1.jar:6.5.1]
		at org.springframework.security.web.ObservationFilterChainDecorator$ObservationFilter.doFilter(ObservationFilterChainDecorator.java:227) ~[spring-security-web-6.5.1.jar:6.5.1]
		at org.springframework.security.web.ObservationFilterChainDecorator$VirtualFilterChain.doFilter(ObservationFilterChainDecorator.java:137) ~[spring-security-web-6.5.1.jar:6.5.1]
		at org.springframework.security.web.session.SessionManagementFilter.doFilter(SessionManagementFilter.java:131) ~[spring-security-web-6.5.1.jar:6.5.1]
		at org.springframework.security.web.session.SessionManagementFilter.doFilter(SessionManagementFilter.java:85) ~[spring-security-web-6.5.1.jar:6.5.1]
		at org.springframework.security.web.ObservationFilterChainDecorator$ObservationFilter.wrapFilter(ObservationFilterChainDecorator.java:240) ~[spring-security-web-6.5.1.jar:6.5.1]
		at org.springframework.security.web.ObservationFilterChainDecorator$ObservationFilter.doFilter(ObservationFilterChainDecorator.java:227) ~[spring-security-web-6.5.1.jar:6.5.1]
		at org.springframework.security.web.ObservationFilterChainDecorator$VirtualFilterChain.doFilter(ObservationFilterChainDecorator.java:137) ~[spring-security-web-6.5.1.jar:6.5.1]
		at org.springframework.security.web.authentication.AnonymousAuthenticationFilter.doFilter(AnonymousAuthenticationFilter.java:100) ~[spring-security-web-6.5.1.jar:6.5.1]
		at org.springframework.security.web.ObservationFilterChainDecorator$ObservationFilter.wrapFilter(ObservationFilterChainDecorator.java:240) ~[spring-security-web-6.5.1.jar:6.5.1]
		at org.springframework.security.web.ObservationFilterChainDecorator$ObservationFilter.doFilter(ObservationFilterChainDecorator.java:227) ~[spring-security-web-6.5.1.jar:6.5.1]
		at org.springframework.security.web.ObservationFilterChainDecorator$VirtualFilterChain.doFilter(ObservationFilterChainDecorator.java:137) ~[spring-security-web-6.5.1.jar:6.5.1]
		at org.springframework.security.web.servletapi.SecurityContextHolderAwareRequestFilter.doFilter(SecurityContextHolderAwareRequestFilter.java:179) ~[spring-security-web-6.5.1.jar:6.5.1]
		at org.springframework.security.web.ObservationFilterChainDecorator$ObservationFilter.wrapFilter(ObservationFilterChainDecorator.java:240) ~[spring-security-web-6.5.1.jar:6.5.1]
		at org.springframework.security.web.ObservationFilterChainDecorator$ObservationFilter.doFilter(ObservationFilterChainDecorator.java:227) ~[spring-security-web-6.5.1.jar:6.5.1]
		at org.springframework.security.web.ObservationFilterChainDecorator$VirtualFilterChain.doFilter(ObservationFilterChainDecorator.java:137) ~[spring-security-web-6.5.1.jar:6.5.1]
		at org.springframework.security.web.savedrequest.RequestCacheAwareFilter.doFilter(RequestCacheAwareFilter.java:63) ~[spring-security-web-6.5.1.jar:6.5.1]
		at org.springframework.security.web.ObservationFilterChainDecorator$ObservationFilter.wrapFilter(ObservationFilterChainDecorator.java:240) ~[spring-security-web-6.5.1.jar:6.5.1]
		at org.springframework.security.web.ObservationFilterChainDecorator$ObservationFilter.doFilter(ObservationFilterChainDecorator.java:227) ~[spring-security-web-6.5.1.jar:6.5.1]
		at org.springframework.security.web.ObservationFilterChainDecorator$VirtualFilterChain.doFilter(ObservationFilterChainDecorator.java:137) ~[spring-security-web-6.5.1.jar:6.5.1]
		at cl.duoc.pedido.security.JwtAuthFilter.doFilterInternal(JwtAuthFilter.java:67) ~[classes/:na]
		at org.springframework.web.filter.OncePerRequestFilter.doFilter(OncePerRequestFilter.java:116) ~[spring-web-6.2.8.jar:6.2.8]
		at org.springframework.security.web.ObservationFilterChainDecorator$ObservationFilter.wrapFilter(ObservationFilterChainDecorator.java:240) ~[spring-security-web-6.5.1.jar:6.5.1]
		at org.springframework.security.web.ObservationFilterChainDecorator$ObservationFilter.doFilter(ObservationFilterChainDecorator.java:227) ~[spring-security-web-6.5.1.jar:6.5.1]
		at org.springframework.security.web.ObservationFilterChainDecorator$VirtualFilterChain.doFilter(ObservationFilterChainDecorator.java:137) ~[spring-security-web-6.5.1.jar:6.5.1]
		at org.springframework.security.web.authentication.logout.LogoutFilter.doFilter(LogoutFilter.java:107) ~[spring-security-web-6.5.1.jar:6.5.1]
		at org.springframework.security.web.authentication.logout.LogoutFilter.doFilter(LogoutFilter.java:93) ~[spring-security-web-6.5.1.jar:6.5.1]
		at org.springframework.security.web.ObservationFilterChainDecorator$ObservationFilter.wrapFilter(ObservationFilterChainDecorator.java:240) ~[spring-security-web-6.5.1.jar:6.5.1]
		at org.springframework.security.web.ObservationFilterChainDecorator$ObservationFilter.doFilter(ObservationFilterChainDecorator.java:227) ~[spring-security-web-6.5.1.jar:6.5.1]
		at org.springframework.security.web.ObservationFilterChainDecorator$VirtualFilterChain.doFilter(ObservationFilterChainDecorator.java:137) ~[spring-security-web-6.5.1.jar:6.5.1]
		at org.springframework.security.web.header.HeaderWriterFilter.doHeadersAfter(HeaderWriterFilter.java:90) ~[spring-security-web-6.5.1.jar:6.5.1]
		at org.springframework.security.web.header.HeaderWriterFilter.doFilterInternal(HeaderWriterFilter.java:75) ~[spring-security-web-6.5.1.jar:6.5.1]
		at org.springframework.web.filter.OncePerRequestFilter.doFilter(OncePerRequestFilter.java:116) ~[spring-web-6.2.8.jar:6.2.8]
		at org.springframework.security.web.ObservationFilterChainDecorator$ObservationFilter.wrapFilter(ObservationFilterChainDecorator.java:240) ~[spring-security-web-6.5.1.jar:6.5.1]
		at org.springframework.security.web.ObservationFilterChainDecorator$ObservationFilter.doFilter(ObservationFilterChainDecorator.java:227) ~[spring-security-web-6.5.1.jar:6.5.1]
		at org.springframework.security.web.ObservationFilterChainDecorator$VirtualFilterChain.doFilter(ObservationFilterChainDecorator.java:137) ~[spring-security-web-6.5.1.jar:6.5.1]
		at org.springframework.security.web.context.SecurityContextHolderFilter.doFilter(SecurityContextHolderFilter.java:82) ~[spring-security-web-6.5.1.jar:6.5.1]
		at org.springframework.security.web.context.SecurityContextHolderFilter.doFilter(SecurityContextHolderFilter.java:69) ~[spring-security-web-6.5.1.jar:6.5.1]
		at org.springframework.security.web.ObservationFilterChainDecorator$ObservationFilter.wrapFilter(ObservationFilterChainDecorator.java:240) ~[spring-security-web-6.5.1.jar:6.5.1]
		at org.springframework.security.web.ObservationFilterChainDecorator$ObservationFilter.doFilter(ObservationFilterChainDecorator.java:227) ~[spring-security-web-6.5.1.jar:6.5.1]
		at org.springframework.security.web.ObservationFilterChainDecorator$VirtualFilterChain.doFilter(ObservationFilterChainDecorator.java:137) ~[spring-security-web-6.5.1.jar:6.5.1]
		at org.springframework.security.web.context.request.async.WebAsyncManagerIntegrationFilter.doFilterInternal(WebAsyncManagerIntegrationFilter.java:62) ~[spring-security-web-6.5.1.jar:6.5.1]
		at org.springframework.web.filter.OncePerRequestFilter.doFilter(OncePerRequestFilter.java:116) ~[spring-web-6.2.8.jar:6.2.8]
		at org.springframework.security.web.ObservationFilterChainDecorator$ObservationFilter.wrapFilter(ObservationFilterChainDecorator.java:240) ~[spring-security-web-6.5.1.jar:6.5.1]
		at org.springframework.security.web.ObservationFilterChainDecorator$ObservationFilter.doFilter(ObservationFilterChainDecorator.java:227) ~[spring-security-web-6.5.1.jar:6.5.1]
		at org.springframework.security.web.ObservationFilterChainDecorator$VirtualFilterChain.doFilter(ObservationFilterChainDecorator.java:137) ~[spring-security-web-6.5.1.jar:6.5.1]
		at org.springframework.security.web.session.DisableEncodeUrlFilter.doFilterInternal(DisableEncodeUrlFilter.java:42) ~[spring-security-web-6.5.1.jar:6.5.1]
		at org.springframework.web.filter.OncePerRequestFilter.doFilter(OncePerRequestFilter.java:116) ~[spring-web-6.2.8.jar:6.2.8]
		at org.springframework.security.web.ObservationFilterChainDecorator$ObservationFilter.wrapFilter(ObservationFilterChainDecorator.java:240) ~[spring-security-web-6.5.1.jar:6.5.1]
		at org.springframework.security.web.ObservationFilterChainDecorator$AroundFilterObservation$SimpleAroundFilterObservation.lambda$wrap$0(ObservationFilterChainDecorator.java:323) ~[spring-security-web-6.5.1.jar:6.5.1]
		at org.springframework.security.web.ObservationFilterChainDecorator$ObservationFilter.doFilter(ObservationFilterChainDecorator.java:224) ~[spring-security-web-6.5.1.jar:6.5.1]
		at org.springframework.security.web.ObservationFilterChainDecorator$VirtualFilterChain.doFilter(ObservationFilterChainDecorator.java:137) ~[spring-security-web-6.5.1.jar:6.5.1]
		at org.springframework.security.web.FilterChainProxy.doFilterInternal(FilterChainProxy.java:233) ~[spring-security-web-6.5.1.jar:6.5.1]
		at org.springframework.security.web.FilterChainProxy.doFilter(FilterChainProxy.java:191) ~[spring-security-web-6.5.1.jar:6.5.1]
		at org.springframework.web.filter.CompositeFilter$VirtualFilterChain.doFilter(CompositeFilter.java:113) ~[spring-web-6.2.8.jar:6.2.8]
		at org.springframework.web.filter.ServletRequestPathFilter.doFilter(ServletRequestPathFilter.java:52) ~[spring-web-6.2.8.jar:6.2.8]
		at org.springframework.web.filter.CompositeFilter$VirtualFilterChain.doFilter(CompositeFilter.java:113) ~[spring-web-6.2.8.jar:6.2.8]
		at org.springframework.web.filter.CompositeFilter.doFilter(CompositeFilter.java:74) ~[spring-web-6.2.8.jar:6.2.8]
		at org.springframework.security.config.annotation.web.configuration.WebSecurityConfiguration$CompositeFilterChainProxy.doFilter(WebSecurityConfiguration.java:319) ~[spring-security-config-6.5.1.jar:6.5.1]
		at org.springframework.web.filter.CompositeFilter$VirtualFilterChain.doFilter(CompositeFilter.java:113) ~[spring-web-6.2.8.jar:6.2.8]
		at org.springframework.web.servlet.handler.HandlerMappingIntrospector.lambda$createCacheFilter$4(HandlerMappingIntrospector.java:267) ~[spring-webmvc-6.2.8.jar:6.2.8]
		at org.springframework.web.filter.CompositeFilter$VirtualFilterChain.doFilter(CompositeFilter.java:113) ~[spring-web-6.2.8.jar:6.2.8]
		at org.springframework.web.filter.CompositeFilter.doFilter(CompositeFilter.java:74) ~[spring-web-6.2.8.jar:6.2.8]
		at org.springframework.security.config.annotation.web.configuration.WebMvcSecurityConfiguration$CompositeFilterChainProxy.doFilter(WebMvcSecurityConfiguration.java:240) ~[spring-security-config-6.5.1.jar:6.5.1]
		at org.springframework.web.filter.DelegatingFilterProxy.invokeDelegate(DelegatingFilterProxy.java:362) ~[spring-web-6.2.8.jar:6.2.8]
		at org.springframework.web.filter.DelegatingFilterProxy.doFilter(DelegatingFilterProxy.java:278) ~[spring-web-6.2.8.jar:6.2.8]
		at org.apache.catalina.core.ApplicationFilterChain.internalDoFilter(ApplicationFilterChain.java:164) ~[tomcat-embed-core-10.1.42.jar:10.1.42]
		at org.apache.catalina.core.ApplicationFilterChain.doFilter(ApplicationFilterChain.java:140) ~[tomcat-embed-core-10.1.42.jar:10.1.42]
		at org.springframework.web.filter.RequestContextFilter.doFilterInternal(RequestContextFilter.java:100) ~[spring-web-6.2.8.jar:6.2.8]
		at org.springframework.web.filter.OncePerRequestFilter.doFilter(OncePerRequestFilter.java:116) ~[spring-web-6.2.8.jar:6.2.8]
		at org.apache.catalina.core.ApplicationFilterChain.internalDoFilter(ApplicationFilterChain.java:164) ~[tomcat-embed-core-10.1.42.jar:10.1.42]
		at org.apache.catalina.core.ApplicationFilterChain.doFilter(ApplicationFilterChain.java:140) ~[tomcat-embed-core-10.1.42.jar:10.1.42]
		at org.springframework.web.filter.FormContentFilter.doFilterInternal(FormContentFilter.java:93) ~[spring-web-6.2.8.jar:6.2.8]
		at org.springframework.web.filter.OncePerRequestFilter.doFilter(OncePerRequestFilter.java:116) ~[spring-web-6.2.8.jar:6.2.8]
		at org.apache.catalina.core.ApplicationFilterChain.internalDoFilter(ApplicationFilterChain.java:164) ~[tomcat-embed-core-10.1.42.jar:10.1.42]
		at org.apache.catalina.core.ApplicationFilterChain.doFilter(ApplicationFilterChain.java:140) ~[tomcat-embed-core-10.1.42.jar:10.1.42]
		at org.springframework.web.filter.ServerHttpObservationFilter.doFilterInternal(ServerHttpObservationFilter.java:114) ~[spring-web-6.2.8.jar:6.2.8]
		at org.springframework.web.filter.OncePerRequestFilter.doFilter(OncePerRequestFilter.java:116) ~[spring-web-6.2.8.jar:6.2.8]
		at org.apache.catalina.core.ApplicationFilterChain.internalDoFilter(ApplicationFilterChain.java:164) ~[tomcat-embed-core-10.1.42.jar:10.1.42]
		at org.apache.catalina.core.ApplicationFilterChain.doFilter(ApplicationFilterChain.java:140) ~[tomcat-embed-core-10.1.42.jar:10.1.42]
		at org.springframework.web.filter.CharacterEncodingFilter.doFilterInternal(CharacterEncodingFilter.java:201) ~[spring-web-6.2.8.jar:6.2.8]
		at org.springframework.web.filter.OncePerRequestFilter.doFilter(OncePerRequestFilter.java:116) ~[spring-web-6.2.8.jar:6.2.8]
		at org.apache.catalina.core.ApplicationFilterChain.internalDoFilter(ApplicationFilterChain.java:164) ~[tomcat-embed-core-10.1.42.jar:10.1.42]
		at org.apache.catalina.core.ApplicationFilterChain.doFilter(ApplicationFilterChain.java:140) ~[tomcat-embed-core-10.1.42.jar:10.1.42]
		at org.apache.catalina.core.StandardWrapperValve.invoke(StandardWrapperValve.java:167) ~[tomcat-embed-core-10.1.42.jar:10.1.42]
		at org.apache.catalina.core.StandardContextValve.invoke(StandardContextValve.java:90) ~[tomcat-embed-core-10.1.42.jar:10.1.42]
		at org.apache.catalina.authenticator.AuthenticatorBase.invoke(AuthenticatorBase.java:483) ~[tomcat-embed-core-10.1.42.jar:10.1.42]
		at org.apache.catalina.core.StandardHostValve.invoke(StandardHostValve.java:116) ~[tomcat-embed-core-10.1.42.jar:10.1.42]
		at org.apache.catalina.valves.ErrorReportValve.invoke(ErrorReportValve.java:93) ~[tomcat-embed-core-10.1.42.jar:10.1.42]
		at org.apache.catalina.core.StandardEngineValve.invoke(StandardEngineValve.java:74) ~[tomcat-embed-core-10.1.42.jar:10.1.42]
		at org.apache.catalina.connector.CoyoteAdapter.service(CoyoteAdapter.java:344) ~[tomcat-embed-core-10.1.42.jar:10.1.42]
		at org.apache.coyote.http11.Http11Processor.service(Http11Processor.java:398) ~[tomcat-embed-core-10.1.42.jar:10.1.42]
		at org.apache.coyote.AbstractProcessorLight.process(AbstractProcessorLight.java:63) ~[tomcat-embed-core-10.1.42.jar:10.1.42]
		at org.apache.coyote.AbstractProtocol$ConnectionHandler.process(AbstractProtocol.java:903) ~[tomcat-embed-core-10.1.42.jar:10.1.42]
		at org.apache.tomcat.util.net.NioEndpoint$SocketProcessor.doRun(NioEndpoint.java:1769) ~[tomcat-embed-core-10.1.42.jar:10.1.42]
		at org.apache.tomcat.util.net.SocketProcessorBase.run(SocketProcessorBase.java:52) ~[tomcat-embed-core-10.1.42.jar:10.1.42]
		at org.apache.tomcat.util.threads.ThreadPoolExecutor.runWorker(ThreadPoolExecutor.java:1189) ~[tomcat-embed-core-10.1.42.jar:10.1.42]
		at org.apache.tomcat.util.threads.ThreadPoolExecutor$Worker.run(ThreadPoolExecutor.java:658) ~[tomcat-embed-core-10.1.42.jar:10.1.42]
		at org.apache.tomcat.util.threads.TaskThread$WrappingRunnable.run(TaskThread.java:63) ~[tomcat-embed-core-10.1.42.jar:10.1.42]
		at java.base/java.lang.Thread.run(Thread.java:1583) ~[na:na]

2026-06-20T17:06:58.833-04:00  INFO 24024 --- [pedido] [http-nio-8086-exec-5] c.d.pedido.controller.OrderController    : Creando pedido para usuario 1
2026-06-20T17:06:58.833-04:00  INFO 24024 --- [pedido] [http-nio-8086-exec-5] cl.duoc.pedido.service.OrderService      : Creando pedido para usuario 1
2026-06-20T17:06:58.853-04:00 ERROR 24024 --- [pedido] [http-nio-8086-exec-5] c.d.p.e.handler.GlobalExceptionHandler   : Error inesperado

org.springframework.web.reactive.function.client.WebClientResponseException$Forbidden: 403 Forbidden from GET http://172.20.64.1:8082/api/cart
	at org.springframework.web.reactive.function.client.WebClientResponseException.create(WebClientResponseException.java:323) ~[spring-webflux-6.2.8.jar:6.2.8]
	Suppressed: reactor.core.publisher.FluxOnAssembly$OnAssemblyException: 
Error has been observed at the following site(s):
	*__checkpoint ⇢ 403 FORBIDDEN from GET http://cart/api/cart [DefaultWebClient]
Original Stack Trace:
		at org.springframework.web.reactive.function.client.WebClientResponseException.create(WebClientResponseException.java:323) ~[spring-webflux-6.2.8.jar:6.2.8]
		at org.springframework.web.reactive.function.client.DefaultClientResponse.lambda$createException$1(DefaultClientResponse.java:214) ~[spring-webflux-6.2.8.jar:6.2.8]
		at reactor.core.publisher.FluxMap$MapSubscriber.onNext(FluxMap.java:106) ~[reactor-core-3.7.7.jar:3.7.7]
		at reactor.core.publisher.FluxOnErrorReturn$ReturnSubscriber.onNext(FluxOnErrorReturn.java:162) ~[reactor-core-3.7.7.jar:3.7.7]
		at reactor.core.publisher.Operators$BaseFluxToMonoOperator.completePossiblyEmpty(Operators.java:2096) ~[reactor-core-3.7.7.jar:3.7.7]
		at reactor.core.publisher.FluxDefaultIfEmpty$DefaultIfEmptySubscriber.onComplete(FluxDefaultIfEmpty.java:134) ~[reactor-core-3.7.7.jar:3.7.7]
		at reactor.core.publisher.FluxMapFuseable$MapFuseableSubscriber.onComplete(FluxMapFuseable.java:152) ~[reactor-core-3.7.7.jar:3.7.7]
		at reactor.core.publisher.FluxContextWrite$ContextWriteSubscriber.onComplete(FluxContextWrite.java:126) ~[reactor-core-3.7.7.jar:3.7.7]
		at reactor.core.publisher.FluxMapFuseable$MapFuseableConditionalSubscriber.onComplete(FluxMapFuseable.java:350) ~[reactor-core-3.7.7.jar:3.7.7]
		at reactor.core.publisher.FluxFilterFuseable$FilterFuseableConditionalSubscriber.onComplete(FluxFilterFuseable.java:391) ~[reactor-core-3.7.7.jar:3.7.7]
		at reactor.core.publisher.Operators$BaseFluxToMonoOperator.completePossiblyEmpty(Operators.java:2097) ~[reactor-core-3.7.7.jar:3.7.7]
		at reactor.core.publisher.MonoCollect$CollectSubscriber.onComplete(MonoCollect.java:145) ~[reactor-core-3.7.7.jar:3.7.7]
		at reactor.core.publisher.FluxMap$MapSubscriber.onComplete(FluxMap.java:144) ~[reactor-core-3.7.7.jar:3.7.7]
		at reactor.core.publisher.FluxPeek$PeekSubscriber.onComplete(FluxPeek.java:260) ~[reactor-core-3.7.7.jar:3.7.7]
		at reactor.core.publisher.FluxMap$MapSubscriber.onComplete(FluxMap.java:144) ~[reactor-core-3.7.7.jar:3.7.7]
		at reactor.netty.channel.FluxReceive.onInboundComplete(FluxReceive.java:413) ~[reactor-netty-core-1.2.7.jar:1.2.7]
		at reactor.netty.channel.ChannelOperations.onInboundComplete(ChannelOperations.java:455) ~[reactor-netty-core-1.2.7.jar:1.2.7]
		at reactor.netty.channel.ChannelOperations.terminate(ChannelOperations.java:509) ~[reactor-netty-core-1.2.7.jar:1.2.7]
		at reactor.netty.http.client.HttpClientOperations.onInboundNext(HttpClientOperations.java:821) ~[reactor-netty-http-1.2.7.jar:1.2.7]
		at reactor.netty.channel.ChannelOperationsHandler.channelRead(ChannelOperationsHandler.java:115) ~[reactor-netty-core-1.2.7.jar:1.2.7]
		at io.netty.channel.AbstractChannelHandlerContext.invokeChannelRead(AbstractChannelHandlerContext.java:444) ~[netty-transport-4.1.122.Final.jar:4.1.122.Final]
		at io.netty.channel.AbstractChannelHandlerContext.invokeChannelRead(AbstractChannelHandlerContext.java:420) ~[netty-transport-4.1.122.Final.jar:4.1.122.Final]
		at io.netty.channel.AbstractChannelHandlerContext.fireChannelRead(AbstractChannelHandlerContext.java:412) ~[netty-transport-4.1.122.Final.jar:4.1.122.Final]
		at io.netty.handler.codec.MessageToMessageDecoder.channelRead(MessageToMessageDecoder.java:107) ~[netty-codec-4.1.122.Final.jar:4.1.122.Final]
		at io.netty.channel.AbstractChannelHandlerContext.invokeChannelRead(AbstractChannelHandlerContext.java:444) ~[netty-transport-4.1.122.Final.jar:4.1.122.Final]
		at io.netty.channel.AbstractChannelHandlerContext.invokeChannelRead(AbstractChannelHandlerContext.java:420) ~[netty-transport-4.1.122.Final.jar:4.1.122.Final]
		at io.netty.channel.AbstractChannelHandlerContext.fireChannelRead(AbstractChannelHandlerContext.java:412) ~[netty-transport-4.1.122.Final.jar:4.1.122.Final]
		at io.netty.channel.CombinedChannelDuplexHandler$DelegatingChannelHandlerContext.fireChannelRead(CombinedChannelDuplexHandler.java:436) ~[netty-transport-4.1.122.Final.jar:4.1.122.Final]
		at io.netty.handler.codec.ByteToMessageDecoder.fireChannelRead(ByteToMessageDecoder.java:346) ~[netty-codec-4.1.122.Final.jar:4.1.122.Final]
		at io.netty.handler.codec.ByteToMessageDecoder.channelRead(ByteToMessageDecoder.java:318) ~[netty-codec-4.1.122.Final.jar:4.1.122.Final]
		at io.netty.channel.CombinedChannelDuplexHandler.channelRead(CombinedChannelDuplexHandler.java:251) ~[netty-transport-4.1.122.Final.jar:4.1.122.Final]
		at io.netty.channel.AbstractChannelHandlerContext.invokeChannelRead(AbstractChannelHandlerContext.java:442) ~[netty-transport-4.1.122.Final.jar:4.1.122.Final]
		at io.netty.channel.AbstractChannelHandlerContext.invokeChannelRead(AbstractChannelHandlerContext.java:420) ~[netty-transport-4.1.122.Final.jar:4.1.122.Final]
		at io.netty.channel.AbstractChannelHandlerContext.fireChannelRead(AbstractChannelHandlerContext.java:412) ~[netty-transport-4.1.122.Final.jar:4.1.122.Final]
		at io.netty.channel.DefaultChannelPipeline$HeadContext.channelRead(DefaultChannelPipeline.java:1357) ~[netty-transport-4.1.122.Final.jar:4.1.122.Final]
		at io.netty.channel.AbstractChannelHandlerContext.invokeChannelRead(AbstractChannelHandlerContext.java:440) ~[netty-transport-4.1.122.Final.jar:4.1.122.Final]
		at io.netty.channel.AbstractChannelHandlerContext.invokeChannelRead(AbstractChannelHandlerContext.java:420) ~[netty-transport-4.1.122.Final.jar:4.1.122.Final]
		at io.netty.channel.DefaultChannelPipeline.fireChannelRead(DefaultChannelPipeline.java:868) ~[netty-transport-4.1.122.Final.jar:4.1.122.Final]
		at io.netty.channel.nio.AbstractNioByteChannel$NioByteUnsafe.read(AbstractNioByteChannel.java:166) ~[netty-transport-4.1.122.Final.jar:4.1.122.Final]
		at io.netty.channel.nio.NioEventLoop.processSelectedKey(NioEventLoop.java:796) ~[netty-transport-4.1.122.Final.jar:4.1.122.Final]
		at io.netty.channel.nio.NioEventLoop.processSelectedKeysOptimized(NioEventLoop.java:732) ~[netty-transport-4.1.122.Final.jar:4.1.122.Final]
		at io.netty.channel.nio.NioEventLoop.processSelectedKeys(NioEventLoop.java:658) ~[netty-transport-4.1.122.Final.jar:4.1.122.Final]
		at io.netty.channel.nio.NioEventLoop.run(NioEventLoop.java:562) ~[netty-transport-4.1.122.Final.jar:4.1.122.Final]
		at io.netty.util.concurrent.SingleThreadEventExecutor$4.run(SingleThreadEventExecutor.java:998) ~[netty-common-4.1.122.Final.jar:4.1.122.Final]
		at io.netty.util.internal.ThreadExecutorMap$2.run(ThreadExecutorMap.java:74) ~[netty-common-4.1.122.Final.jar:4.1.122.Final]
		at io.netty.util.concurrent.FastThreadLocalRunnable.run(FastThreadLocalRunnable.java:30) ~[netty-common-4.1.122.Final.jar:4.1.122.Final]
		at java.base/java.lang.Thread.run(Thread.java:1583) ~[na:na]
	Suppressed: java.lang.Exception: #block terminated with an error
		at reactor.core.publisher.BlockingSingleSubscriber.blockingGet(BlockingSingleSubscriber.java:104) ~[reactor-core-3.7.7.jar:3.7.7]
		at reactor.core.publisher.Mono.block(Mono.java:1779) ~[reactor-core-3.7.7.jar:3.7.7]
		at cl.duoc.pedido.Client.CartClient.getCartItems(CartClient.java:25) ~[classes/:na]
		at cl.duoc.pedido.service.OrderService.createOrder(OrderService.java:60) ~[classes/:na]
		at cl.duoc.pedido.controller.OrderController.createOrder(OrderController.java:40) ~[classes/:na]
		at java.base/jdk.internal.reflect.DirectMethodHandleAccessor.invoke(DirectMethodHandleAccessor.java:103) ~[na:na]
		at java.base/java.lang.reflect.Method.invoke(Method.java:580) ~[na:na]
		at org.springframework.web.method.support.InvocableHandlerMethod.doInvoke(InvocableHandlerMethod.java:258) ~[spring-web-6.2.8.jar:6.2.8]
		at org.springframework.web.method.support.InvocableHandlerMethod.invokeForRequest(InvocableHandlerMethod.java:191) ~[spring-web-6.2.8.jar:6.2.8]
		at org.springframework.web.servlet.mvc.method.annotation.ServletInvocableHandlerMethod.invokeAndHandle(ServletInvocableHandlerMethod.java:118) ~[spring-webmvc-6.2.8.jar:6.2.8]
		at org.springframework.web.servlet.mvc.method.annotation.RequestMappingHandlerAdapter.invokeHandlerMethod(RequestMappingHandlerAdapter.java:986) ~[spring-webmvc-6.2.8.jar:6.2.8]
		at org.springframework.web.servlet.mvc.method.annotation.RequestMappingHandlerAdapter.handleInternal(RequestMappingHandlerAdapter.java:891) ~[spring-webmvc-6.2.8.jar:6.2.8]
		at org.springframework.web.servlet.mvc.method.AbstractHandlerMethodAdapter.handle(AbstractHandlerMethodAdapter.java:87) ~[spring-webmvc-6.2.8.jar:6.2.8]
		at org.springframework.web.servlet.DispatcherServlet.doDispatch(DispatcherServlet.java:1089) ~[spring-webmvc-6.2.8.jar:6.2.8]
		at org.springframework.web.servlet.DispatcherServlet.doService(DispatcherServlet.java:979) ~[spring-webmvc-6.2.8.jar:6.2.8]
		at org.springframework.web.servlet.FrameworkServlet.processRequest(FrameworkServlet.java:1014) ~[spring-webmvc-6.2.8.jar:6.2.8]
		at org.springframework.web.servlet.FrameworkServlet.doPost(FrameworkServlet.java:914) ~[spring-webmvc-6.2.8.jar:6.2.8]
		at jakarta.servlet.http.HttpServlet.service(HttpServlet.java:590) ~[tomcat-embed-core-10.1.42.jar:6.0]
		at org.springframework.web.servlet.FrameworkServlet.service(FrameworkServlet.java:885) ~[spring-webmvc-6.2.8.jar:6.2.8]
		at jakarta.servlet.http.HttpServlet.service(HttpServlet.java:658) ~[tomcat-embed-core-10.1.42.jar:6.0]
		at org.apache.catalina.core.ApplicationFilterChain.internalDoFilter(ApplicationFilterChain.java:195) ~[tomcat-embed-core-10.1.42.jar:10.1.42]
		at org.apache.catalina.core.ApplicationFilterChain.doFilter(ApplicationFilterChain.java:140) ~[tomcat-embed-core-10.1.42.jar:10.1.42]
		at org.apache.tomcat.websocket.server.WsFilter.doFilter(WsFilter.java:51) ~[tomcat-embed-websocket-10.1.42.jar:10.1.42]
		at org.apache.catalina.core.ApplicationFilterChain.internalDoFilter(ApplicationFilterChain.java:164) ~[tomcat-embed-core-10.1.42.jar:10.1.42]
		at org.apache.catalina.core.ApplicationFilterChain.doFilter(ApplicationFilterChain.java:140) ~[tomcat-embed-core-10.1.42.jar:10.1.42]
		at org.springframework.web.filter.OncePerRequestFilter.doFilter(OncePerRequestFilter.java:110) ~[spring-web-6.2.8.jar:6.2.8]
		at org.apache.catalina.core.ApplicationFilterChain.internalDoFilter(ApplicationFilterChain.java:164) ~[tomcat-embed-core-10.1.42.jar:10.1.42]
		at org.apache.catalina.core.ApplicationFilterChain.doFilter(ApplicationFilterChain.java:140) ~[tomcat-embed-core-10.1.42.jar:10.1.42]
		at org.springframework.web.filter.CompositeFilter$VirtualFilterChain.doFilter(CompositeFilter.java:108) ~[spring-web-6.2.8.jar:6.2.8]
		at org.springframework.web.filter.CompositeFilter$VirtualFilterChain.doFilter(CompositeFilter.java:108) ~[spring-web-6.2.8.jar:6.2.8]
		at org.springframework.security.web.FilterChainProxy.lambda$doFilterInternal$3(FilterChainProxy.java:231) ~[spring-security-web-6.5.1.jar:6.5.1]
		at org.springframework.security.web.ObservationFilterChainDecorator$FilterObservation$SimpleFilterObservation.lambda$wrap$1(ObservationFilterChainDecorator.java:479) ~[spring-security-web-6.5.1.jar:6.5.1]
		at org.springframework.security.web.ObservationFilterChainDecorator$AroundFilterObservation$SimpleAroundFilterObservation.lambda$wrap$1(ObservationFilterChainDecorator.java:340) ~[spring-security-web-6.5.1.jar:6.5.1]
		at org.springframework.security.web.ObservationFilterChainDecorator.lambda$wrapSecured$0(ObservationFilterChainDecorator.java:82) ~[spring-security-web-6.5.1.jar:6.5.1]
		at org.springframework.security.web.ObservationFilterChainDecorator$VirtualFilterChain.doFilter(ObservationFilterChainDecorator.java:128) ~[spring-security-web-6.5.1.jar:6.5.1]
		at org.springframework.security.web.access.intercept.AuthorizationFilter.doFilter(AuthorizationFilter.java:101) ~[spring-security-web-6.5.1.jar:6.5.1]
		at org.springframework.security.web.ObservationFilterChainDecorator$ObservationFilter.wrapFilter(ObservationFilterChainDecorator.java:240) ~[spring-security-web-6.5.1.jar:6.5.1]
		at org.springframework.security.web.ObservationFilterChainDecorator$ObservationFilter.doFilter(ObservationFilterChainDecorator.java:227) ~[spring-security-web-6.5.1.jar:6.5.1]
		at org.springframework.security.web.ObservationFilterChainDecorator$VirtualFilterChain.doFilter(ObservationFilterChainDecorator.java:137) ~[spring-security-web-6.5.1.jar:6.5.1]
		at org.springframework.security.web.access.ExceptionTranslationFilter.doFilter(ExceptionTranslationFilter.java:125) ~[spring-security-web-6.5.1.jar:6.5.1]
		at org.springframework.security.web.access.ExceptionTranslationFilter.doFilter(ExceptionTranslationFilter.java:119) ~[spring-security-web-6.5.1.jar:6.5.1]
		at org.springframework.security.web.ObservationFilterChainDecorator$ObservationFilter.wrapFilter(ObservationFilterChainDecorator.java:240) ~[spring-security-web-6.5.1.jar:6.5.1]
		at org.springframework.security.web.ObservationFilterChainDecorator$ObservationFilter.doFilter(ObservationFilterChainDecorator.java:227) ~[spring-security-web-6.5.1.jar:6.5.1]
		at org.springframework.security.web.ObservationFilterChainDecorator$VirtualFilterChain.doFilter(ObservationFilterChainDecorator.java:137) ~[spring-security-web-6.5.1.jar:6.5.1]
		at org.springframework.security.web.session.SessionManagementFilter.doFilter(SessionManagementFilter.java:131) ~[spring-security-web-6.5.1.jar:6.5.1]
		at org.springframework.security.web.session.SessionManagementFilter.doFilter(SessionManagementFilter.java:85) ~[spring-security-web-6.5.1.jar:6.5.1]
		at org.springframework.security.web.ObservationFilterChainDecorator$ObservationFilter.wrapFilter(ObservationFilterChainDecorator.java:240) ~[spring-security-web-6.5.1.jar:6.5.1]
		at org.springframework.security.web.ObservationFilterChainDecorator$ObservationFilter.doFilter(ObservationFilterChainDecorator.java:227) ~[spring-security-web-6.5.1.jar:6.5.1]
		at org.springframework.security.web.ObservationFilterChainDecorator$VirtualFilterChain.doFilter(ObservationFilterChainDecorator.java:137) ~[spring-security-web-6.5.1.jar:6.5.1]
		at org.springframework.security.web.authentication.AnonymousAuthenticationFilter.doFilter(AnonymousAuthenticationFilter.java:100) ~[spring-security-web-6.5.1.jar:6.5.1]
		at org.springframework.security.web.ObservationFilterChainDecorator$ObservationFilter.wrapFilter(ObservationFilterChainDecorator.java:240) ~[spring-security-web-6.5.1.jar:6.5.1]
		at org.springframework.security.web.ObservationFilterChainDecorator$ObservationFilter.doFilter(ObservationFilterChainDecorator.java:227) ~[spring-security-web-6.5.1.jar:6.5.1]
		at org.springframework.security.web.ObservationFilterChainDecorator$VirtualFilterChain.doFilter(ObservationFilterChainDecorator.java:137) ~[spring-security-web-6.5.1.jar:6.5.1]
		at org.springframework.security.web.servletapi.SecurityContextHolderAwareRequestFilter.doFilter(SecurityContextHolderAwareRequestFilter.java:179) ~[spring-security-web-6.5.1.jar:6.5.1]
		at org.springframework.security.web.ObservationFilterChainDecorator$ObservationFilter.wrapFilter(ObservationFilterChainDecorator.java:240) ~[spring-security-web-6.5.1.jar:6.5.1]
		at org.springframework.security.web.ObservationFilterChainDecorator$ObservationFilter.doFilter(ObservationFilterChainDecorator.java:227) ~[spring-security-web-6.5.1.jar:6.5.1]
		at org.springframework.security.web.ObservationFilterChainDecorator$VirtualFilterChain.doFilter(ObservationFilterChainDecorator.java:137) ~[spring-security-web-6.5.1.jar:6.5.1]
		at org.springframework.security.web.savedrequest.RequestCacheAwareFilter.doFilter(RequestCacheAwareFilter.java:63) ~[spring-security-web-6.5.1.jar:6.5.1]
		at org.springframework.security.web.ObservationFilterChainDecorator$ObservationFilter.wrapFilter(ObservationFilterChainDecorator.java:240) ~[spring-security-web-6.5.1.jar:6.5.1]
		at org.springframework.security.web.ObservationFilterChainDecorator$ObservationFilter.doFilter(ObservationFilterChainDecorator.java:227) ~[spring-security-web-6.5.1.jar:6.5.1]
		at org.springframework.security.web.ObservationFilterChainDecorator$VirtualFilterChain.doFilter(ObservationFilterChainDecorator.java:137) ~[spring-security-web-6.5.1.jar:6.5.1]
		at cl.duoc.pedido.security.JwtAuthFilter.doFilterInternal(JwtAuthFilter.java:67) ~[classes/:na]
		at org.springframework.web.filter.OncePerRequestFilter.doFilter(OncePerRequestFilter.java:116) ~[spring-web-6.2.8.jar:6.2.8]
		at org.springframework.security.web.ObservationFilterChainDecorator$ObservationFilter.wrapFilter(ObservationFilterChainDecorator.java:240) ~[spring-security-web-6.5.1.jar:6.5.1]
		at org.springframework.security.web.ObservationFilterChainDecorator$ObservationFilter.doFilter(ObservationFilterChainDecorator.java:227) ~[spring-security-web-6.5.1.jar:6.5.1]
		at org.springframework.security.web.ObservationFilterChainDecorator$VirtualFilterChain.doFilter(ObservationFilterChainDecorator.java:137) ~[spring-security-web-6.5.1.jar:6.5.1]
		at org.springframework.security.web.authentication.logout.LogoutFilter.doFilter(LogoutFilter.java:107) ~[spring-security-web-6.5.1.jar:6.5.1]
		at org.springframework.security.web.authentication.logout.LogoutFilter.doFilter(LogoutFilter.java:93) ~[spring-security-web-6.5.1.jar:6.5.1]
		at org.springframework.security.web.ObservationFilterChainDecorator$ObservationFilter.wrapFilter(ObservationFilterChainDecorator.java:240) ~[spring-security-web-6.5.1.jar:6.5.1]
		at org.springframework.security.web.ObservationFilterChainDecorator$ObservationFilter.doFilter(ObservationFilterChainDecorator.java:227) ~[spring-security-web-6.5.1.jar:6.5.1]
		at org.springframework.security.web.ObservationFilterChainDecorator$VirtualFilterChain.doFilter(ObservationFilterChainDecorator.java:137) ~[spring-security-web-6.5.1.jar:6.5.1]
		at org.springframework.security.web.header.HeaderWriterFilter.doHeadersAfter(HeaderWriterFilter.java:90) ~[spring-security-web-6.5.1.jar:6.5.1]
		at org.springframework.security.web.header.HeaderWriterFilter.doFilterInternal(HeaderWriterFilter.java:75) ~[spring-security-web-6.5.1.jar:6.5.1]
		at org.springframework.web.filter.OncePerRequestFilter.doFilter(OncePerRequestFilter.java:116) ~[spring-web-6.2.8.jar:6.2.8]
		at org.springframework.security.web.ObservationFilterChainDecorator$ObservationFilter.wrapFilter(ObservationFilterChainDecorator.java:240) ~[spring-security-web-6.5.1.jar:6.5.1]
		at org.springframework.security.web.ObservationFilterChainDecorator$ObservationFilter.doFilter(ObservationFilterChainDecorator.java:227) ~[spring-security-web-6.5.1.jar:6.5.1]
		at org.springframework.security.web.ObservationFilterChainDecorator$VirtualFilterChain.doFilter(ObservationFilterChainDecorator.java:137) ~[spring-security-web-6.5.1.jar:6.5.1]
		at org.springframework.security.web.context.SecurityContextHolderFilter.doFilter(SecurityContextHolderFilter.java:82) ~[spring-security-web-6.5.1.jar:6.5.1]
		at org.springframework.security.web.context.SecurityContextHolderFilter.doFilter(SecurityContextHolderFilter.java:69) ~[spring-security-web-6.5.1.jar:6.5.1]
		at org.springframework.security.web.ObservationFilterChainDecorator$ObservationFilter.wrapFilter(ObservationFilterChainDecorator.java:240) ~[spring-security-web-6.5.1.jar:6.5.1]
		at org.springframework.security.web.ObservationFilterChainDecorator$ObservationFilter.doFilter(ObservationFilterChainDecorator.java:227) ~[spring-security-web-6.5.1.jar:6.5.1]
		at org.springframework.security.web.ObservationFilterChainDecorator$VirtualFilterChain.doFilter(ObservationFilterChainDecorator.java:137) ~[spring-security-web-6.5.1.jar:6.5.1]
		at org.springframework.security.web.context.request.async.WebAsyncManagerIntegrationFilter.doFilterInternal(WebAsyncManagerIntegrationFilter.java:62) ~[spring-security-web-6.5.1.jar:6.5.1]
		at org.springframework.web.filter.OncePerRequestFilter.doFilter(OncePerRequestFilter.java:116) ~[spring-web-6.2.8.jar:6.2.8]
		at org.springframework.security.web.ObservationFilterChainDecorator$ObservationFilter.wrapFilter(ObservationFilterChainDecorator.java:240) ~[spring-security-web-6.5.1.jar:6.5.1]
		at org.springframework.security.web.ObservationFilterChainDecorator$ObservationFilter.doFilter(ObservationFilterChainDecorator.java:227) ~[spring-security-web-6.5.1.jar:6.5.1]
		at org.springframework.security.web.ObservationFilterChainDecorator$VirtualFilterChain.doFilter(ObservationFilterChainDecorator.java:137) ~[spring-security-web-6.5.1.jar:6.5.1]
		at org.springframework.security.web.session.DisableEncodeUrlFilter.doFilterInternal(DisableEncodeUrlFilter.java:42) ~[spring-security-web-6.5.1.jar:6.5.1]
		at org.springframework.web.filter.OncePerRequestFilter.doFilter(OncePerRequestFilter.java:116) ~[spring-web-6.2.8.jar:6.2.8]
		at org.springframework.security.web.ObservationFilterChainDecorator$ObservationFilter.wrapFilter(ObservationFilterChainDecorator.java:240) ~[spring-security-web-6.5.1.jar:6.5.1]
		at org.springframework.security.web.ObservationFilterChainDecorator$AroundFilterObservation$SimpleAroundFilterObservation.lambda$wrap$0(ObservationFilterChainDecorator.java:323) ~[spring-security-web-6.5.1.jar:6.5.1]
		at org.springframework.security.web.ObservationFilterChainDecorator$ObservationFilter.doFilter(ObservationFilterChainDecorator.java:224) ~[spring-security-web-6.5.1.jar:6.5.1]
		at org.springframework.security.web.ObservationFilterChainDecorator$VirtualFilterChain.doFilter(ObservationFilterChainDecorator.java:137) ~[spring-security-web-6.5.1.jar:6.5.1]
		at org.springframework.security.web.FilterChainProxy.doFilterInternal(FilterChainProxy.java:233) ~[spring-security-web-6.5.1.jar:6.5.1]
		at org.springframework.security.web.FilterChainProxy.doFilter(FilterChainProxy.java:191) ~[spring-security-web-6.5.1.jar:6.5.1]
		at org.springframework.web.filter.CompositeFilter$VirtualFilterChain.doFilter(CompositeFilter.java:113) ~[spring-web-6.2.8.jar:6.2.8]
		at org.springframework.web.filter.ServletRequestPathFilter.doFilter(ServletRequestPathFilter.java:52) ~[spring-web-6.2.8.jar:6.2.8]
		at org.springframework.web.filter.CompositeFilter$VirtualFilterChain.doFilter(CompositeFilter.java:113) ~[spring-web-6.2.8.jar:6.2.8]
		at org.springframework.web.filter.CompositeFilter.doFilter(CompositeFilter.java:74) ~[spring-web-6.2.8.jar:6.2.8]
		at org.springframework.security.config.annotation.web.configuration.WebSecurityConfiguration$CompositeFilterChainProxy.doFilter(WebSecurityConfiguration.java:319) ~[spring-security-config-6.5.1.jar:6.5.1]
		at org.springframework.web.filter.CompositeFilter$VirtualFilterChain.doFilter(CompositeFilter.java:113) ~[spring-web-6.2.8.jar:6.2.8]
		at org.springframework.web.servlet.handler.HandlerMappingIntrospector.lambda$createCacheFilter$4(HandlerMappingIntrospector.java:267) ~[spring-webmvc-6.2.8.jar:6.2.8]
		at org.springframework.web.filter.CompositeFilter$VirtualFilterChain.doFilter(CompositeFilter.java:113) ~[spring-web-6.2.8.jar:6.2.8]
		at org.springframework.web.filter.CompositeFilter.doFilter(CompositeFilter.java:74) ~[spring-web-6.2.8.jar:6.2.8]
		at org.springframework.security.config.annotation.web.configuration.WebMvcSecurityConfiguration$CompositeFilterChainProxy.doFilter(WebMvcSecurityConfiguration.java:240) ~[spring-security-config-6.5.1.jar:6.5.1]
		at org.springframework.web.filter.DelegatingFilterProxy.invokeDelegate(DelegatingFilterProxy.java:362) ~[spring-web-6.2.8.jar:6.2.8]
		at org.springframework.web.filter.DelegatingFilterProxy.doFilter(DelegatingFilterProxy.java:278) ~[spring-web-6.2.8.jar:6.2.8]
		at org.apache.catalina.core.ApplicationFilterChain.internalDoFilter(ApplicationFilterChain.java:164) ~[tomcat-embed-core-10.1.42.jar:10.1.42]
		at org.apache.catalina.core.ApplicationFilterChain.doFilter(ApplicationFilterChain.java:140) ~[tomcat-embed-core-10.1.42.jar:10.1.42]
		at org.springframework.web.filter.RequestContextFilter.doFilterInternal(RequestContextFilter.java:100) ~[spring-web-6.2.8.jar:6.2.8]
		at org.springframework.web.filter.OncePerRequestFilter.doFilter(OncePerRequestFilter.java:116) ~[spring-web-6.2.8.jar:6.2.8]
		at org.apache.catalina.core.ApplicationFilterChain.internalDoFilter(ApplicationFilterChain.java:164) ~[tomcat-embed-core-10.1.42.jar:10.1.42]
		at org.apache.catalina.core.ApplicationFilterChain.doFilter(ApplicationFilterChain.java:140) ~[tomcat-embed-core-10.1.42.jar:10.1.42]
		at org.springframework.web.filter.FormContentFilter.doFilterInternal(FormContentFilter.java:93) ~[spring-web-6.2.8.jar:6.2.8]
		at org.springframework.web.filter.OncePerRequestFilter.doFilter(OncePerRequestFilter.java:116) ~[spring-web-6.2.8.jar:6.2.8]
		at org.apache.catalina.core.ApplicationFilterChain.internalDoFilter(ApplicationFilterChain.java:164) ~[tomcat-embed-core-10.1.42.jar:10.1.42]
		at org.apache.catalina.core.ApplicationFilterChain.doFilter(ApplicationFilterChain.java:140) ~[tomcat-embed-core-10.1.42.jar:10.1.42]
		at org.springframework.web.filter.ServerHttpObservationFilter.doFilterInternal(ServerHttpObservationFilter.java:114) ~[spring-web-6.2.8.jar:6.2.8]
		at org.springframework.web.filter.OncePerRequestFilter.doFilter(OncePerRequestFilter.java:116) ~[spring-web-6.2.8.jar:6.2.8]
		at org.apache.catalina.core.ApplicationFilterChain.internalDoFilter(ApplicationFilterChain.java:164) ~[tomcat-embed-core-10.1.42.jar:10.1.42]
		at org.apache.catalina.core.ApplicationFilterChain.doFilter(ApplicationFilterChain.java:140) ~[tomcat-embed-core-10.1.42.jar:10.1.42]
		at org.springframework.web.filter.CharacterEncodingFilter.doFilterInternal(CharacterEncodingFilter.java:201) ~[spring-web-6.2.8.jar:6.2.8]
		at org.springframework.web.filter.OncePerRequestFilter.doFilter(OncePerRequestFilter.java:116) ~[spring-web-6.2.8.jar:6.2.8]
		at org.apache.catalina.core.ApplicationFilterChain.internalDoFilter(ApplicationFilterChain.java:164) ~[tomcat-embed-core-10.1.42.jar:10.1.42]
		at org.apache.catalina.core.ApplicationFilterChain.doFilter(ApplicationFilterChain.java:140) ~[tomcat-embed-core-10.1.42.jar:10.1.42]
		at org.apache.catalina.core.StandardWrapperValve.invoke(StandardWrapperValve.java:167) ~[tomcat-embed-core-10.1.42.jar:10.1.42]
		at org.apache.catalina.core.StandardContextValve.invoke(StandardContextValve.java:90) ~[tomcat-embed-core-10.1.42.jar:10.1.42]
		at org.apache.catalina.authenticator.AuthenticatorBase.invoke(AuthenticatorBase.java:483) ~[tomcat-embed-core-10.1.42.jar:10.1.42]
		at org.apache.catalina.core.StandardHostValve.invoke(StandardHostValve.java:116) ~[tomcat-embed-core-10.1.42.jar:10.1.42]
		at org.apache.catalina.valves.ErrorReportValve.invoke(ErrorReportValve.java:93) ~[tomcat-embed-core-10.1.42.jar:10.1.42]
		at org.apache.catalina.core.StandardEngineValve.invoke(StandardEngineValve.java:74) ~[tomcat-embed-core-10.1.42.jar:10.1.42]
		at org.apache.catalina.connector.CoyoteAdapter.service(CoyoteAdapter.java:344) ~[tomcat-embed-core-10.1.42.jar:10.1.42]
		at org.apache.coyote.http11.Http11Processor.service(Http11Processor.java:398) ~[tomcat-embed-core-10.1.42.jar:10.1.42]
		at org.apache.coyote.AbstractProcessorLight.process(AbstractProcessorLight.java:63) ~[tomcat-embed-core-10.1.42.jar:10.1.42]
		at org.apache.coyote.AbstractProtocol$ConnectionHandler.process(AbstractProtocol.java:903) ~[tomcat-embed-core-10.1.42.jar:10.1.42]
		at org.apache.tomcat.util.net.NioEndpoint$SocketProcessor.doRun(NioEndpoint.java:1769) ~[tomcat-embed-core-10.1.42.jar:10.1.42]
		at org.apache.tomcat.util.net.SocketProcessorBase.run(SocketProcessorBase.java:52) ~[tomcat-embed-core-10.1.42.jar:10.1.42]
		at org.apache.tomcat.util.threads.ThreadPoolExecutor.runWorker(ThreadPoolExecutor.java:1189) ~[tomcat-embed-core-10.1.42.jar:10.1.42]
		at org.apache.tomcat.util.threads.ThreadPoolExecutor$Worker.run(ThreadPoolExecutor.java:658) ~[tomcat-embed-core-10.1.42.jar:10.1.42]
		at org.apache.tomcat.util.threads.TaskThread$WrappingRunnable.run(TaskThread.java:63) ~[tomcat-embed-core-10.1.42.jar:10.1.42]
		at java.base/java.lang.Thread.run(Thread.java:1583) ~[na:na]

2026-06-20T17:07:16.277-04:00  INFO 24024 --- [pedido] [http-nio-8086-exec-6] c.d.pedido.controller.OrderController    : Creando pedido para usuario 1
2026-06-20T17:07:16.280-04:00  INFO 24024 --- [pedido] [http-nio-8086-exec-6] cl.duoc.pedido.service.OrderService      : Creando pedido para usuario 1
2026-06-20T17:07:16.301-04:00 ERROR 24024 --- [pedido] [http-nio-8086-exec-6] c.d.p.e.handler.GlobalExceptionHandler   : Error inesperado

org.springframework.web.reactive.function.client.WebClientResponseException$Forbidden: 403 Forbidden from GET http://172.20.64.1:8082/api/cart
	at org.springframework.web.reactive.function.client.WebClientResponseException.create(WebClientResponseException.java:323) ~[spring-webflux-6.2.8.jar:6.2.8]
	Suppressed: reactor.core.publisher.FluxOnAssembly$OnAssemblyException: 
Error has been observed at the following site(s):
	*__checkpoint ⇢ 403 FORBIDDEN from GET http://cart/api/cart [DefaultWebClient]
Original Stack Trace:
		at org.springframework.web.reactive.function.client.WebClientResponseException.create(WebClientResponseException.java:323) ~[spring-webflux-6.2.8.jar:6.2.8]
		at org.springframework.web.reactive.function.client.DefaultClientResponse.lambda$createException$1(DefaultClientResponse.java:214) ~[spring-webflux-6.2.8.jar:6.2.8]
		at reactor.core.publisher.FluxMap$MapSubscriber.onNext(FluxMap.java:106) ~[reactor-core-3.7.7.jar:3.7.7]
		at reactor.core.publisher.FluxOnErrorReturn$ReturnSubscriber.onNext(FluxOnErrorReturn.java:162) ~[reactor-core-3.7.7.jar:3.7.7]
		at reactor.core.publisher.Operators$BaseFluxToMonoOperator.completePossiblyEmpty(Operators.java:2096) ~[reactor-core-3.7.7.jar:3.7.7]
		at reactor.core.publisher.FluxDefaultIfEmpty$DefaultIfEmptySubscriber.onComplete(FluxDefaultIfEmpty.java:134) ~[reactor-core-3.7.7.jar:3.7.7]
		at reactor.core.publisher.FluxMapFuseable$MapFuseableSubscriber.onComplete(FluxMapFuseable.java:152) ~[reactor-core-3.7.7.jar:3.7.7]
		at reactor.core.publisher.FluxContextWrite$ContextWriteSubscriber.onComplete(FluxContextWrite.java:126) ~[reactor-core-3.7.7.jar:3.7.7]
		at reactor.core.publisher.FluxMapFuseable$MapFuseableConditionalSubscriber.onComplete(FluxMapFuseable.java:350) ~[reactor-core-3.7.7.jar:3.7.7]
		at reactor.core.publisher.FluxFilterFuseable$FilterFuseableConditionalSubscriber.onComplete(FluxFilterFuseable.java:391) ~[reactor-core-3.7.7.jar:3.7.7]
		at reactor.core.publisher.Operators$BaseFluxToMonoOperator.completePossiblyEmpty(Operators.java:2097) ~[reactor-core-3.7.7.jar:3.7.7]
		at reactor.core.publisher.MonoCollect$CollectSubscriber.onComplete(MonoCollect.java:145) ~[reactor-core-3.7.7.jar:3.7.7]
		at reactor.core.publisher.FluxMap$MapSubscriber.onComplete(FluxMap.java:144) ~[reactor-core-3.7.7.jar:3.7.7]
		at reactor.core.publisher.FluxPeek$PeekSubscriber.onComplete(FluxPeek.java:260) ~[reactor-core-3.7.7.jar:3.7.7]
		at reactor.core.publisher.FluxMap$MapSubscriber.onComplete(FluxMap.java:144) ~[reactor-core-3.7.7.jar:3.7.7]
		at reactor.netty.channel.FluxReceive.onInboundComplete(FluxReceive.java:413) ~[reactor-netty-core-1.2.7.jar:1.2.7]
		at reactor.netty.channel.ChannelOperations.onInboundComplete(ChannelOperations.java:455) ~[reactor-netty-core-1.2.7.jar:1.2.7]
		at reactor.netty.channel.ChannelOperations.terminate(ChannelOperations.java:509) ~[reactor-netty-core-1.2.7.jar:1.2.7]
		at reactor.netty.http.client.HttpClientOperations.onInboundNext(HttpClientOperations.java:821) ~[reactor-netty-http-1.2.7.jar:1.2.7]
		at reactor.netty.channel.ChannelOperationsHandler.channelRead(ChannelOperationsHandler.java:115) ~[reactor-netty-core-1.2.7.jar:1.2.7]
		at io.netty.channel.AbstractChannelHandlerContext.invokeChannelRead(AbstractChannelHandlerContext.java:444) ~[netty-transport-4.1.122.Final.jar:4.1.122.Final]
		at io.netty.channel.AbstractChannelHandlerContext.invokeChannelRead(AbstractChannelHandlerContext.java:420) ~[netty-transport-4.1.122.Final.jar:4.1.122.Final]
		at io.netty.channel.AbstractChannelHandlerContext.fireChannelRead(AbstractChannelHandlerContext.java:412) ~[netty-transport-4.1.122.Final.jar:4.1.122.Final]
		at io.netty.handler.codec.MessageToMessageDecoder.channelRead(MessageToMessageDecoder.java:107) ~[netty-codec-4.1.122.Final.jar:4.1.122.Final]
		at io.netty.channel.AbstractChannelHandlerContext.invokeChannelRead(AbstractChannelHandlerContext.java:444) ~[netty-transport-4.1.122.Final.jar:4.1.122.Final]
		at io.netty.channel.AbstractChannelHandlerContext.invokeChannelRead(AbstractChannelHandlerContext.java:420) ~[netty-transport-4.1.122.Final.jar:4.1.122.Final]
		at io.netty.channel.AbstractChannelHandlerContext.fireChannelRead(AbstractChannelHandlerContext.java:412) ~[netty-transport-4.1.122.Final.jar:4.1.122.Final]
		at io.netty.channel.CombinedChannelDuplexHandler$DelegatingChannelHandlerContext.fireChannelRead(CombinedChannelDuplexHandler.java:436) ~[netty-transport-4.1.122.Final.jar:4.1.122.Final]
		at io.netty.handler.codec.ByteToMessageDecoder.fireChannelRead(ByteToMessageDecoder.java:346) ~[netty-codec-4.1.122.Final.jar:4.1.122.Final]
		at io.netty.handler.codec.ByteToMessageDecoder.channelRead(ByteToMessageDecoder.java:318) ~[netty-codec-4.1.122.Final.jar:4.1.122.Final]
		at io.netty.channel.CombinedChannelDuplexHandler.channelRead(CombinedChannelDuplexHandler.java:251) ~[netty-transport-4.1.122.Final.jar:4.1.122.Final]
		at io.netty.channel.AbstractChannelHandlerContext.invokeChannelRead(AbstractChannelHandlerContext.java:442) ~[netty-transport-4.1.122.Final.jar:4.1.122.Final]
		at io.netty.channel.AbstractChannelHandlerContext.invokeChannelRead(AbstractChannelHandlerContext.java:420) ~[netty-transport-4.1.122.Final.jar:4.1.122.Final]
		at io.netty.channel.AbstractChannelHandlerContext.fireChannelRead(AbstractChannelHandlerContext.java:412) ~[netty-transport-4.1.122.Final.jar:4.1.122.Final]
		at io.netty.channel.DefaultChannelPipeline$HeadContext.channelRead(DefaultChannelPipeline.java:1357) ~[netty-transport-4.1.122.Final.jar:4.1.122.Final]
		at io.netty.channel.AbstractChannelHandlerContext.invokeChannelRead(AbstractChannelHandlerContext.java:440) ~[netty-transport-4.1.122.Final.jar:4.1.122.Final]
		at io.netty.channel.AbstractChannelHandlerContext.invokeChannelRead(AbstractChannelHandlerContext.java:420) ~[netty-transport-4.1.122.Final.jar:4.1.122.Final]
		at io.netty.channel.DefaultChannelPipeline.fireChannelRead(DefaultChannelPipeline.java:868) ~[netty-transport-4.1.122.Final.jar:4.1.122.Final]
		at io.netty.channel.nio.AbstractNioByteChannel$NioByteUnsafe.read(AbstractNioByteChannel.java:166) ~[netty-transport-4.1.122.Final.jar:4.1.122.Final]
		at io.netty.channel.nio.NioEventLoop.processSelectedKey(NioEventLoop.java:796) ~[netty-transport-4.1.122.Final.jar:4.1.122.Final]
		at io.netty.channel.nio.NioEventLoop.processSelectedKeysOptimized(NioEventLoop.java:732) ~[netty-transport-4.1.122.Final.jar:4.1.122.Final]
		at io.netty.channel.nio.NioEventLoop.processSelectedKeys(NioEventLoop.java:658) ~[netty-transport-4.1.122.Final.jar:4.1.122.Final]
		at io.netty.channel.nio.NioEventLoop.run(NioEventLoop.java:562) ~[netty-transport-4.1.122.Final.jar:4.1.122.Final]
		at io.netty.util.concurrent.SingleThreadEventExecutor$4.run(SingleThreadEventExecutor.java:998) ~[netty-common-4.1.122.Final.jar:4.1.122.Final]
		at io.netty.util.internal.ThreadExecutorMap$2.run(ThreadExecutorMap.java:74) ~[netty-common-4.1.122.Final.jar:4.1.122.Final]
		at io.netty.util.concurrent.FastThreadLocalRunnable.run(FastThreadLocalRunnable.java:30) ~[netty-common-4.1.122.Final.jar:4.1.122.Final]
		at java.base/java.lang.Thread.run(Thread.java:1583) ~[na:na]
	Suppressed: java.lang.Exception: #block terminated with an error
		at reactor.core.publisher.BlockingSingleSubscriber.blockingGet(BlockingSingleSubscriber.java:104) ~[reactor-core-3.7.7.jar:3.7.7]
		at reactor.core.publisher.Mono.block(Mono.java:1779) ~[reactor-core-3.7.7.jar:3.7.7]
		at cl.duoc.pedido.Client.CartClient.getCartItems(CartClient.java:25) ~[classes/:na]
		at cl.duoc.pedido.service.OrderService.createOrder(OrderService.java:60) ~[classes/:na]
		at cl.duoc.pedido.controller.OrderController.createOrder(OrderController.java:40) ~[classes/:na]
		at java.base/jdk.internal.reflect.DirectMethodHandleAccessor.invoke(DirectMethodHandleAccessor.java:103) ~[na:na]
		at java.base/java.lang.reflect.Method.invoke(Method.java:580) ~[na:na]
		at org.springframework.web.method.support.InvocableHandlerMethod.doInvoke(InvocableHandlerMethod.java:258) ~[spring-web-6.2.8.jar:6.2.8]
		at org.springframework.web.method.support.InvocableHandlerMethod.invokeForRequest(InvocableHandlerMethod.java:191) ~[spring-web-6.2.8.jar:6.2.8]
		at org.springframework.web.servlet.mvc.method.annotation.ServletInvocableHandlerMethod.invokeAndHandle(ServletInvocableHandlerMethod.java:118) ~[spring-webmvc-6.2.8.jar:6.2.8]
		at org.springframework.web.servlet.mvc.method.annotation.RequestMappingHandlerAdapter.invokeHandlerMethod(RequestMappingHandlerAdapter.java:986) ~[spring-webmvc-6.2.8.jar:6.2.8]
		at org.springframework.web.servlet.mvc.method.annotation.RequestMappingHandlerAdapter.handleInternal(RequestMappingHandlerAdapter.java:891) ~[spring-webmvc-6.2.8.jar:6.2.8]
		at org.springframework.web.servlet.mvc.method.AbstractHandlerMethodAdapter.handle(AbstractHandlerMethodAdapter.java:87) ~[spring-webmvc-6.2.8.jar:6.2.8]
		at org.springframework.web.servlet.DispatcherServlet.doDispatch(DispatcherServlet.java:1089) ~[spring-webmvc-6.2.8.jar:6.2.8]
		at org.springframework.web.servlet.DispatcherServlet.doService(DispatcherServlet.java:979) ~[spring-webmvc-6.2.8.jar:6.2.8]
		at org.springframework.web.servlet.FrameworkServlet.processRequest(FrameworkServlet.java:1014) ~[spring-webmvc-6.2.8.jar:6.2.8]
		at org.springframework.web.servlet.FrameworkServlet.doPost(FrameworkServlet.java:914) ~[spring-webmvc-6.2.8.jar:6.2.8]
		at jakarta.servlet.http.HttpServlet.service(HttpServlet.java:590) ~[tomcat-embed-core-10.1.42.jar:6.0]
		at org.springframework.web.servlet.FrameworkServlet.service(FrameworkServlet.java:885) ~[spring-webmvc-6.2.8.jar:6.2.8]
		at jakarta.servlet.http.HttpServlet.service(HttpServlet.java:658) ~[tomcat-embed-core-10.1.42.jar:6.0]
		at org.apache.catalina.core.ApplicationFilterChain.internalDoFilter(ApplicationFilterChain.java:195) ~[tomcat-embed-core-10.1.42.jar:10.1.42]
		at org.apache.catalina.core.ApplicationFilterChain.doFilter(ApplicationFilterChain.java:140) ~[tomcat-embed-core-10.1.42.jar:10.1.42]
		at org.apache.tomcat.websocket.server.WsFilter.doFilter(WsFilter.java:51) ~[tomcat-embed-websocket-10.1.42.jar:10.1.42]
		at org.apache.catalina.core.ApplicationFilterChain.internalDoFilter(ApplicationFilterChain.java:164) ~[tomcat-embed-core-10.1.42.jar:10.1.42]
		at org.apache.catalina.core.ApplicationFilterChain.doFilter(ApplicationFilterChain.java:140) ~[tomcat-embed-core-10.1.42.jar:10.1.42]
		at org.springframework.web.filter.OncePerRequestFilter.doFilter(OncePerRequestFilter.java:110) ~[spring-web-6.2.8.jar:6.2.8]
		at org.apache.catalina.core.ApplicationFilterChain.internalDoFilter(ApplicationFilterChain.java:164) ~[tomcat-embed-core-10.1.42.jar:10.1.42]
		at org.apache.catalina.core.ApplicationFilterChain.doFilter(ApplicationFilterChain.java:140) ~[tomcat-embed-core-10.1.42.jar:10.1.42]
		at org.springframework.web.filter.CompositeFilter$VirtualFilterChain.doFilter(CompositeFilter.java:108) ~[spring-web-6.2.8.jar:6.2.8]
		at org.springframework.web.filter.CompositeFilter$VirtualFilterChain.doFilter(CompositeFilter.java:108) ~[spring-web-6.2.8.jar:6.2.8]
		at org.springframework.security.web.FilterChainProxy.lambda$doFilterInternal$3(FilterChainProxy.java:231) ~[spring-security-web-6.5.1.jar:6.5.1]
		at org.springframework.security.web.ObservationFilterChainDecorator$FilterObservation$SimpleFilterObservation.lambda$wrap$1(ObservationFilterChainDecorator.java:479) ~[spring-security-web-6.5.1.jar:6.5.1]
		at org.springframework.security.web.ObservationFilterChainDecorator$AroundFilterObservation$SimpleAroundFilterObservation.lambda$wrap$1(ObservationFilterChainDecorator.java:340) ~[spring-security-web-6.5.1.jar:6.5.1]
		at org.springframework.security.web.ObservationFilterChainDecorator.lambda$wrapSecured$0(ObservationFilterChainDecorator.java:82) ~[spring-security-web-6.5.1.jar:6.5.1]
		at org.springframework.security.web.ObservationFilterChainDecorator$VirtualFilterChain.doFilter(ObservationFilterChainDecorator.java:128) ~[spring-security-web-6.5.1.jar:6.5.1]
		at org.springframework.security.web.access.intercept.AuthorizationFilter.doFilter(AuthorizationFilter.java:101) ~[spring-security-web-6.5.1.jar:6.5.1]
		at org.springframework.security.web.ObservationFilterChainDecorator$ObservationFilter.wrapFilter(ObservationFilterChainDecorator.java:240) ~[spring-security-web-6.5.1.jar:6.5.1]
		at org.springframework.security.web.ObservationFilterChainDecorator$ObservationFilter.doFilter(ObservationFilterChainDecorator.java:227) ~[spring-security-web-6.5.1.jar:6.5.1]
		at org.springframework.security.web.ObservationFilterChainDecorator$VirtualFilterChain.doFilter(ObservationFilterChainDecorator.java:137) ~[spring-security-web-6.5.1.jar:6.5.1]
		at org.springframework.security.web.access.ExceptionTranslationFilter.doFilter(ExceptionTranslationFilter.java:125) ~[spring-security-web-6.5.1.jar:6.5.1]
		at org.springframework.security.web.access.ExceptionTranslationFilter.doFilter(ExceptionTranslationFilter.java:119) ~[spring-security-web-6.5.1.jar:6.5.1]
		at org.springframework.security.web.ObservationFilterChainDecorator$ObservationFilter.wrapFilter(ObservationFilterChainDecorator.java:240) ~[spring-security-web-6.5.1.jar:6.5.1]
		at org.springframework.security.web.ObservationFilterChainDecorator$ObservationFilter.doFilter(ObservationFilterChainDecorator.java:227) ~[spring-security-web-6.5.1.jar:6.5.1]
		at org.springframework.security.web.ObservationFilterChainDecorator$VirtualFilterChain.doFilter(ObservationFilterChainDecorator.java:137) ~[spring-security-web-6.5.1.jar:6.5.1]
		at org.springframework.security.web.session.SessionManagementFilter.doFilter(SessionManagementFilter.java:131) ~[spring-security-web-6.5.1.jar:6.5.1]
		at org.springframework.security.web.session.SessionManagementFilter.doFilter(SessionManagementFilter.java:85) ~[spring-security-web-6.5.1.jar:6.5.1]
		at org.springframework.security.web.ObservationFilterChainDecorator$ObservationFilter.wrapFilter(ObservationFilterChainDecorator.java:240) ~[spring-security-web-6.5.1.jar:6.5.1]
		at org.springframework.security.web.ObservationFilterChainDecorator$ObservationFilter.doFilter(ObservationFilterChainDecorator.java:227) ~[spring-security-web-6.5.1.jar:6.5.1]
		at org.springframework.security.web.ObservationFilterChainDecorator$VirtualFilterChain.doFilter(ObservationFilterChainDecorator.java:137) ~[spring-security-web-6.5.1.jar:6.5.1]
		at org.springframework.security.web.authentication.AnonymousAuthenticationFilter.doFilter(AnonymousAuthenticationFilter.java:100) ~[spring-security-web-6.5.1.jar:6.5.1]
		at org.springframework.security.web.ObservationFilterChainDecorator$ObservationFilter.wrapFilter(ObservationFilterChainDecorator.java:240) ~[spring-security-web-6.5.1.jar:6.5.1]
		at org.springframework.security.web.ObservationFilterChainDecorator$ObservationFilter.doFilter(ObservationFilterChainDecorator.java:227) ~[spring-security-web-6.5.1.jar:6.5.1]
		at org.springframework.security.web.ObservationFilterChainDecorator$VirtualFilterChain.doFilter(ObservationFilterChainDecorator.java:137) ~[spring-security-web-6.5.1.jar:6.5.1]
		at org.springframework.security.web.servletapi.SecurityContextHolderAwareRequestFilter.doFilter(SecurityContextHolderAwareRequestFilter.java:179) ~[spring-security-web-6.5.1.jar:6.5.1]
		at org.springframework.security.web.ObservationFilterChainDecorator$ObservationFilter.wrapFilter(ObservationFilterChainDecorator.java:240) ~[spring-security-web-6.5.1.jar:6.5.1]
		at org.springframework.security.web.ObservationFilterChainDecorator$ObservationFilter.doFilter(ObservationFilterChainDecorator.java:227) ~[spring-security-web-6.5.1.jar:6.5.1]
		at org.springframework.security.web.ObservationFilterChainDecorator$VirtualFilterChain.doFilter(ObservationFilterChainDecorator.java:137) ~[spring-security-web-6.5.1.jar:6.5.1]
		at org.springframework.security.web.savedrequest.RequestCacheAwareFilter.doFilter(RequestCacheAwareFilter.java:63) ~[spring-security-web-6.5.1.jar:6.5.1]
		at org.springframework.security.web.ObservationFilterChainDecorator$ObservationFilter.wrapFilter(ObservationFilterChainDecorator.java:240) ~[spring-security-web-6.5.1.jar:6.5.1]
		at org.springframework.security.web.ObservationFilterChainDecorator$ObservationFilter.doFilter(ObservationFilterChainDecorator.java:227) ~[spring-security-web-6.5.1.jar:6.5.1]
		at org.springframework.security.web.ObservationFilterChainDecorator$VirtualFilterChain.doFilter(ObservationFilterChainDecorator.java:137) ~[spring-security-web-6.5.1.jar:6.5.1]
		at cl.duoc.pedido.security.JwtAuthFilter.doFilterInternal(JwtAuthFilter.java:67) ~[classes/:na]
		at org.springframework.web.filter.OncePerRequestFilter.doFilter(OncePerRequestFilter.java:116) ~[spring-web-6.2.8.jar:6.2.8]
		at org.springframework.security.web.ObservationFilterChainDecorator$ObservationFilter.wrapFilter(ObservationFilterChainDecorator.java:240) ~[spring-security-web-6.5.1.jar:6.5.1]
		at org.springframework.security.web.ObservationFilterChainDecorator$ObservationFilter.doFilter(ObservationFilterChainDecorator.java:227) ~[spring-security-web-6.5.1.jar:6.5.1]
		at org.springframework.security.web.ObservationFilterChainDecorator$VirtualFilterChain.doFilter(ObservationFilterChainDecorator.java:137) ~[spring-security-web-6.5.1.jar:6.5.1]
		at org.springframework.security.web.authentication.logout.LogoutFilter.doFilter(LogoutFilter.java:107) ~[spring-security-web-6.5.1.jar:6.5.1]
		at org.springframework.security.web.authentication.logout.LogoutFilter.doFilter(LogoutFilter.java:93) ~[spring-security-web-6.5.1.jar:6.5.1]
		at org.springframework.security.web.ObservationFilterChainDecorator$ObservationFilter.wrapFilter(ObservationFilterChainDecorator.java:240) ~[spring-security-web-6.5.1.jar:6.5.1]
		at org.springframework.security.web.ObservationFilterChainDecorator$ObservationFilter.doFilter(ObservationFilterChainDecorator.java:227) ~[spring-security-web-6.5.1.jar:6.5.1]
		at org.springframework.security.web.ObservationFilterChainDecorator$VirtualFilterChain.doFilter(ObservationFilterChainDecorator.java:137) ~[spring-security-web-6.5.1.jar:6.5.1]
		at org.springframework.security.web.header.HeaderWriterFilter.doHeadersAfter(HeaderWriterFilter.java:90) ~[spring-security-web-6.5.1.jar:6.5.1]
		at org.springframework.security.web.header.HeaderWriterFilter.doFilterInternal(HeaderWriterFilter.java:75) ~[spring-security-web-6.5.1.jar:6.5.1]
		at org.springframework.web.filter.OncePerRequestFilter.doFilter(OncePerRequestFilter.java:116) ~[spring-web-6.2.8.jar:6.2.8]
		at org.springframework.security.web.ObservationFilterChainDecorator$ObservationFilter.wrapFilter(ObservationFilterChainDecorator.java:240) ~[spring-security-web-6.5.1.jar:6.5.1]
		at org.springframework.security.web.ObservationFilterChainDecorator$ObservationFilter.doFilter(ObservationFilterChainDecorator.java:227) ~[spring-security-web-6.5.1.jar:6.5.1]
		at org.springframework.security.web.ObservationFilterChainDecorator$VirtualFilterChain.doFilter(ObservationFilterChainDecorator.java:137) ~[spring-security-web-6.5.1.jar:6.5.1]
		at org.springframework.security.web.context.SecurityContextHolderFilter.doFilter(SecurityContextHolderFilter.java:82) ~[spring-security-web-6.5.1.jar:6.5.1]
		at org.springframework.security.web.context.SecurityContextHolderFilter.doFilter(SecurityContextHolderFilter.java:69) ~[spring-security-web-6.5.1.jar:6.5.1]
		at org.springframework.security.web.ObservationFilterChainDecorator$ObservationFilter.wrapFilter(ObservationFilterChainDecorator.java:240) ~[spring-security-web-6.5.1.jar:6.5.1]
		at org.springframework.security.web.ObservationFilterChainDecorator$ObservationFilter.doFilter(ObservationFilterChainDecorator.java:227) ~[spring-security-web-6.5.1.jar:6.5.1]
		at org.springframework.security.web.ObservationFilterChainDecorator$VirtualFilterChain.doFilter(ObservationFilterChainDecorator.java:137) ~[spring-security-web-6.5.1.jar:6.5.1]
		at org.springframework.security.web.context.request.async.WebAsyncManagerIntegrationFilter.doFilterInternal(WebAsyncManagerIntegrationFilter.java:62) ~[spring-security-web-6.5.1.jar:6.5.1]
		at org.springframework.web.filter.OncePerRequestFilter.doFilter(OncePerRequestFilter.java:116) ~[spring-web-6.2.8.jar:6.2.8]
		at org.springframework.security.web.ObservationFilterChainDecorator$ObservationFilter.wrapFilter(ObservationFilterChainDecorator.java:240) ~[spring-security-web-6.5.1.jar:6.5.1]
		at org.springframework.security.web.ObservationFilterChainDecorator$ObservationFilter.doFilter(ObservationFilterChainDecorator.java:227) ~[spring-security-web-6.5.1.jar:6.5.1]
		at org.springframework.security.web.ObservationFilterChainDecorator$VirtualFilterChain.doFilter(ObservationFilterChainDecorator.java:137) ~[spring-security-web-6.5.1.jar:6.5.1]
		at org.springframework.security.web.session.DisableEncodeUrlFilter.doFilterInternal(DisableEncodeUrlFilter.java:42) ~[spring-security-web-6.5.1.jar:6.5.1]
		at org.springframework.web.filter.OncePerRequestFilter.doFilter(OncePerRequestFilter.java:116) ~[spring-web-6.2.8.jar:6.2.8]
		at org.springframework.security.web.ObservationFilterChainDecorator$ObservationFilter.wrapFilter(ObservationFilterChainDecorator.java:240) ~[spring-security-web-6.5.1.jar:6.5.1]
		at org.springframework.security.web.ObservationFilterChainDecorator$AroundFilterObservation$SimpleAroundFilterObservation.lambda$wrap$0(ObservationFilterChainDecorator.java:323) ~[spring-security-web-6.5.1.jar:6.5.1]
		at org.springframework.security.web.ObservationFilterChainDecorator$ObservationFilter.doFilter(ObservationFilterChainDecorator.java:224) ~[spring-security-web-6.5.1.jar:6.5.1]
		at org.springframework.security.web.ObservationFilterChainDecorator$VirtualFilterChain.doFilter(ObservationFilterChainDecorator.java:137) ~[spring-security-web-6.5.1.jar:6.5.1]
		at org.springframework.security.web.FilterChainProxy.doFilterInternal(FilterChainProxy.java:233) ~[spring-security-web-6.5.1.jar:6.5.1]
		at org.springframework.security.web.FilterChainProxy.doFilter(FilterChainProxy.java:191) ~[spring-security-web-6.5.1.jar:6.5.1]
		at org.springframework.web.filter.CompositeFilter$VirtualFilterChain.doFilter(CompositeFilter.java:113) ~[spring-web-6.2.8.jar:6.2.8]
		at org.springframework.web.filter.ServletRequestPathFilter.doFilter(ServletRequestPathFilter.java:52) ~[spring-web-6.2.8.jar:6.2.8]
		at org.springframework.web.filter.CompositeFilter$VirtualFilterChain.doFilter(CompositeFilter.java:113) ~[spring-web-6.2.8.jar:6.2.8]
		at org.springframework.web.filter.CompositeFilter.doFilter(CompositeFilter.java:74) ~[spring-web-6.2.8.jar:6.2.8]
		at org.springframework.security.config.annotation.web.configuration.WebSecurityConfiguration$CompositeFilterChainProxy.doFilter(WebSecurityConfiguration.java:319) ~[spring-security-config-6.5.1.jar:6.5.1]
		at org.springframework.web.filter.CompositeFilter$VirtualFilterChain.doFilter(CompositeFilter.java:113) ~[spring-web-6.2.8.jar:6.2.8]
		at org.springframework.web.servlet.handler.HandlerMappingIntrospector.lambda$createCacheFilter$4(HandlerMappingIntrospector.java:267) ~[spring-webmvc-6.2.8.jar:6.2.8]
		at org.springframework.web.filter.CompositeFilter$VirtualFilterChain.doFilter(CompositeFilter.java:113) ~[spring-web-6.2.8.jar:6.2.8]
		at org.springframework.web.filter.CompositeFilter.doFilter(CompositeFilter.java:74) ~[spring-web-6.2.8.jar:6.2.8]
		at org.springframework.security.config.annotation.web.configuration.WebMvcSecurityConfiguration$CompositeFilterChainProxy.doFilter(WebMvcSecurityConfiguration.java:240) ~[spring-security-config-6.5.1.jar:6.5.1]
		at org.springframework.web.filter.DelegatingFilterProxy.invokeDelegate(DelegatingFilterProxy.java:362) ~[spring-web-6.2.8.jar:6.2.8]
		at org.springframework.web.filter.DelegatingFilterProxy.doFilter(DelegatingFilterProxy.java:278) ~[spring-web-6.2.8.jar:6.2.8]
		at org.apache.catalina.core.ApplicationFilterChain.internalDoFilter(ApplicationFilterChain.java:164) ~[tomcat-embed-core-10.1.42.jar:10.1.42]
		at org.apache.catalina.core.ApplicationFilterChain.doFilter(ApplicationFilterChain.java:140) ~[tomcat-embed-core-10.1.42.jar:10.1.42]
		at org.springframework.web.filter.RequestContextFilter.doFilterInternal(RequestContextFilter.java:100) ~[spring-web-6.2.8.jar:6.2.8]
		at org.springframework.web.filter.OncePerRequestFilter.doFilter(OncePerRequestFilter.java:116) ~[spring-web-6.2.8.jar:6.2.8]
		at org.apache.catalina.core.ApplicationFilterChain.internalDoFilter(ApplicationFilterChain.java:164) ~[tomcat-embed-core-10.1.42.jar:10.1.42]
		at org.apache.catalina.core.ApplicationFilterChain.doFilter(ApplicationFilterChain.java:140) ~[tomcat-embed-core-10.1.42.jar:10.1.42]
		at org.springframework.web.filter.FormContentFilter.doFilterInternal(FormContentFilter.java:93) ~[spring-web-6.2.8.jar:6.2.8]
		at org.springframework.web.filter.OncePerRequestFilter.doFilter(OncePerRequestFilter.java:116) ~[spring-web-6.2.8.jar:6.2.8]
		at org.apache.catalina.core.ApplicationFilterChain.internalDoFilter(ApplicationFilterChain.java:164) ~[tomcat-embed-core-10.1.42.jar:10.1.42]
		at org.apache.catalina.core.ApplicationFilterChain.doFilter(ApplicationFilterChain.java:140) ~[tomcat-embed-core-10.1.42.jar:10.1.42]
		at org.springframework.web.filter.ServerHttpObservationFilter.doFilterInternal(ServerHttpObservationFilter.java:114) ~[spring-web-6.2.8.jar:6.2.8]
		at org.springframework.web.filter.OncePerRequestFilter.doFilter(OncePerRequestFilter.java:116) ~[spring-web-6.2.8.jar:6.2.8]
		at org.apache.catalina.core.ApplicationFilterChain.internalDoFilter(ApplicationFilterChain.java:164) ~[tomcat-embed-core-10.1.42.jar:10.1.42]
		at org.apache.catalina.core.ApplicationFilterChain.doFilter(ApplicationFilterChain.java:140) ~[tomcat-embed-core-10.1.42.jar:10.1.42]
		at org.springframework.web.filter.CharacterEncodingFilter.doFilterInternal(CharacterEncodingFilter.java:201) ~[spring-web-6.2.8.jar:6.2.8]
		at org.springframework.web.filter.OncePerRequestFilter.doFilter(OncePerRequestFilter.java:116) ~[spring-web-6.2.8.jar:6.2.8]
		at org.apache.catalina.core.ApplicationFilterChain.internalDoFilter(ApplicationFilterChain.java:164) ~[tomcat-embed-core-10.1.42.jar:10.1.42]
		at org.apache.catalina.core.ApplicationFilterChain.doFilter(ApplicationFilterChain.java:140) ~[tomcat-embed-core-10.1.42.jar:10.1.42]
		at org.apache.catalina.core.StandardWrapperValve.invoke(StandardWrapperValve.java:167) ~[tomcat-embed-core-10.1.42.jar:10.1.42]
		at org.apache.catalina.core.StandardContextValve.invoke(StandardContextValve.java:90) ~[tomcat-embed-core-10.1.42.jar:10.1.42]
		at org.apache.catalina.authenticator.AuthenticatorBase.invoke(AuthenticatorBase.java:483) ~[tomcat-embed-core-10.1.42.jar:10.1.42]
		at org.apache.catalina.core.StandardHostValve.invoke(StandardHostValve.java:116) ~[tomcat-embed-core-10.1.42.jar:10.1.42]
		at org.apache.catalina.valves.ErrorReportValve.invoke(ErrorReportValve.java:93) ~[tomcat-embed-core-10.1.42.jar:10.1.42]
		at org.apache.catalina.core.StandardEngineValve.invoke(StandardEngineValve.java:74) ~[tomcat-embed-core-10.1.42.jar:10.1.42]
		at org.apache.catalina.connector.CoyoteAdapter.service(CoyoteAdapter.java:344) ~[tomcat-embed-core-10.1.42.jar:10.1.42]
		at org.apache.coyote.http11.Http11Processor.service(Http11Processor.java:398) ~[tomcat-embed-core-10.1.42.jar:10.1.42]
		at org.apache.coyote.AbstractProcessorLight.process(AbstractProcessorLight.java:63) ~[tomcat-embed-core-10.1.42.jar:10.1.42]
		at org.apache.coyote.AbstractProtocol$ConnectionHandler.process(AbstractProtocol.java:903) ~[tomcat-embed-core-10.1.42.jar:10.1.42]
		at org.apache.tomcat.util.net.NioEndpoint$SocketProcessor.doRun(NioEndpoint.java:1769) ~[tomcat-embed-core-10.1.42.jar:10.1.42]
		at org.apache.tomcat.util.net.SocketProcessorBase.run(SocketProcessorBase.java:52) ~[tomcat-embed-core-10.1.42.jar:10.1.42]
		at org.apache.tomcat.util.threads.ThreadPoolExecutor.runWorker(ThreadPoolExecutor.java:1189) ~[tomcat-embed-core-10.1.42.jar:10.1.42]
		at org.apache.tomcat.util.threads.ThreadPoolExecutor$Worker.run(ThreadPoolExecutor.java:658) ~[tomcat-embed-core-10.1.42.jar:10.1.42]
		at org.apache.tomcat.util.threads.TaskThread$WrappingRunnable.run(TaskThread.java:63) ~[tomcat-embed-core-10.1.42.jar:10.1.42]
		at java.base/java.lang.Thread.run(Thread.java:1583) ~[na:na]

2026-06-20T17:09:00.874-04:00  INFO 24024 --- [pedido] [AsyncResolver-bootstrap-executor-%d] c.n.d.s.r.aws.ConfigClusterResolver      : Resolving eureka endpoints via configuration
2026-06-20T17:11:53.799-04:00  INFO 24024 --- [pedido] [SpringApplicationShutdownHook] o.s.c.n.e.s.EurekaServiceRegistry        : Unregistering application PEDIDO with eureka with status DOWN
2026-06-20T17:11:53.800-04:00  INFO 24024 --- [pedido] [SpringApplicationShutdownHook] com.netflix.discovery.DiscoveryClient    : Saw local status change event StatusChangeEvent [timestamp=1781989913800, current=DOWN, previous=UP]
2026-06-20T17:11:53.801-04:00  INFO 24024 --- [pedido] [DiscoveryClient-InstanceInfoReplicator-%d] com.netflix.discovery.DiscoveryClient    : DiscoveryClient_PEDIDO/pedido:8086: registering service...
2026-06-20T17:11:53.812-04:00  INFO 24024 --- [pedido] [SpringApplicationShutdownHook] o.s.b.w.e.tomcat.GracefulShutdown        : Commencing graceful shutdown. Waiting for active requests to complete
2026-06-20T17:11:53.833-04:00  INFO 24024 --- [pedido] [DiscoveryClient-InstanceInfoReplicator-%d] com.netflix.discovery.DiscoveryClient    : DiscoveryClient_PEDIDO/pedido:8086 - registration status: 204
2026-06-20T17:11:53.854-04:00  INFO 24024 --- [pedido] [tomcat-shutdown] o.s.b.w.e.tomcat.GracefulShutdown        : Graceful shutdown complete
2026-06-20T17:11:55.948-04:00  INFO 24024 --- [pedido] [SpringApplicationShutdownHook] j.LocalContainerEntityManagerFactoryBean : Closing JPA EntityManagerFactory for persistence unit 'default'
2026-06-20T17:11:55.959-04:00  INFO 24024 --- [pedido] [SpringApplicationShutdownHook] com.zaxxer.hikari.HikariDataSource       : HikariPool-1 - Shutdown initiated...
2026-06-20T17:11:55.976-04:00  INFO 24024 --- [pedido] [SpringApplicationShutdownHook] com.zaxxer.hikari.HikariDataSource       : HikariPool-1 - Shutdown completed.
2026-06-20T17:11:55.980-04:00  INFO 24024 --- [pedido] [SpringApplicationShutdownHook] com.netflix.discovery.DiscoveryClient    : Shutting down DiscoveryClient ...
2026-06-20T17:12:13.965-04:00  INFO 1596 --- [pedido] [main] cl.duoc.pedido.PedidoApplication         : Starting PedidoApplication using Java 21.0.10 with PID 1596 (C:\Users\xiota\Proyecto-Fullstack\pedido\pedido\target\classes started by xiota in C:\Users\xiota\Proyecto-Fullstack\pedido\pedido)
2026-06-20T17:12:13.968-04:00 DEBUG 1596 --- [pedido] [main] cl.duoc.pedido.PedidoApplication         : Running with Spring Boot v3.5.3, Spring v6.2.8
2026-06-20T17:12:13.970-04:00  INFO 1596 --- [pedido] [main] cl.duoc.pedido.PedidoApplication         : No active profile set, falling back to 1 default profile: "default"
2026-06-20T17:12:15.767-04:00  INFO 1596 --- [pedido] [main] .s.d.r.c.RepositoryConfigurationDelegate : Bootstrapping Spring Data JPA repositories in DEFAULT mode.
2026-06-20T17:12:16.002-04:00  INFO 1596 --- [pedido] [main] .s.d.r.c.RepositoryConfigurationDelegate : Finished Spring Data repository scanning in 217 ms. Found 2 JPA repository interfaces.
2026-06-20T17:12:16.569-04:00  INFO 1596 --- [pedido] [main] o.s.cloud.context.scope.GenericScope     : BeanFactory id=6f5ab00f-b52a-3c97-a7d5-cd656add3a0d
2026-06-20T17:12:17.148-04:00  INFO 1596 --- [pedido] [main] o.s.b.w.embedded.tomcat.TomcatWebServer  : Tomcat initialized with port 8086 (http)
2026-06-20T17:12:17.189-04:00  INFO 1596 --- [pedido] [main] o.apache.catalina.core.StandardService   : Starting service [Tomcat]
2026-06-20T17:12:17.190-04:00  INFO 1596 --- [pedido] [main] o.apache.catalina.core.StandardEngine    : Starting Servlet engine: [Apache Tomcat/10.1.42]
2026-06-20T17:12:17.333-04:00  INFO 1596 --- [pedido] [main] o.a.c.c.C.[Tomcat].[localhost].[/]       : Initializing Spring embedded WebApplicationContext
2026-06-20T17:12:17.334-04:00  INFO 1596 --- [pedido] [main] w.s.c.ServletWebServerApplicationContext : Root WebApplicationContext: initialization completed in 3292 ms
2026-06-20T17:12:17.576-04:00 DEBUG 1596 --- [pedido] [main] cl.duoc.pedido.security.JwtAuthFilter    : Filter 'jwtAuthFilter' configured for use
2026-06-20T17:12:17.762-04:00  INFO 1596 --- [pedido] [main] o.hibernate.jpa.internal.util.LogHelper  : HHH000204: Processing PersistenceUnitInfo [name: default]
2026-06-20T17:12:17.858-04:00  INFO 1596 --- [pedido] [main] org.hibernate.Version                    : HHH000412: Hibernate ORM core version 6.6.18.Final
2026-06-20T17:12:17.915-04:00  INFO 1596 --- [pedido] [main] o.h.c.internal.RegionFactoryInitiator    : HHH000026: Second-level cache disabled
2026-06-20T17:12:18.443-04:00  INFO 1596 --- [pedido] [main] o.s.o.j.p.SpringPersistenceUnitInfo      : No LoadTimeWeaver setup: ignoring JPA class transformer
2026-06-20T17:12:18.499-04:00  INFO 1596 --- [pedido] [main] com.zaxxer.hikari.HikariDataSource       : HikariPool-1 - Starting...
2026-06-20T17:12:18.724-04:00  INFO 1596 --- [pedido] [main] com.zaxxer.hikari.pool.HikariPool        : HikariPool-1 - Added connection com.mysql.cj.jdbc.ConnectionImpl@52dd1be2
2026-06-20T17:12:18.727-04:00  INFO 1596 --- [pedido] [main] com.zaxxer.hikari.HikariDataSource       : HikariPool-1 - Start completed.
2026-06-20T17:12:18.814-04:00  WARN 1596 --- [pedido] [main] org.hibernate.orm.deprecation            : HHH90000025: MySQLDialect does not need to be specified explicitly using 'hibernate.dialect' (remove the property setting and it will be selected by default)
2026-06-20T17:12:18.848-04:00  INFO 1596 --- [pedido] [main] org.hibernate.orm.connections.pooling    : HHH10001005: Database info:
	Database JDBC URL [Connecting through datasource 'HikariDataSource (HikariPool-1)']
	Database driver: undefined/unknown
	Database version: 8.0.46
	Autocommit mode: undefined/unknown
	Isolation level: undefined/unknown
	Minimum pool size: undefined/unknown
	Maximum pool size: undefined/unknown
2026-06-20T17:12:20.302-04:00  INFO 1596 --- [pedido] [main] o.h.e.t.j.p.i.JtaPlatformInitiator       : HHH000489: No JTA platform available (set 'hibernate.transaction.jta.platform' to enable JTA platform integration)
2026-06-20T17:12:20.465-04:00  INFO 1596 --- [pedido] [main] j.LocalContainerEntityManagerFactoryBean : Initialized JPA EntityManagerFactory for persistence unit 'default'
2026-06-20T17:12:21.002-04:00  WARN 1596 --- [pedido] [main] JpaBaseConfiguration$JpaWebConfiguration : spring.jpa.open-in-view is enabled by default. Therefore, database queries may be performed during view rendering. Explicitly configure spring.jpa.open-in-view to disable this warning
2026-06-20T17:12:21.103-04:00  WARN 1596 --- [pedido] [main] .s.s.UserDetailsServiceAutoConfiguration : 

Using generated security password: 83a0e9d6-a0f9-4aca-acbb-493f30dec7c0

This generated password is for development use only. Your security configuration must be updated before running your application in production.

2026-06-20T17:12:21.128-04:00  INFO 1596 --- [pedido] [main] r$InitializeUserDetailsManagerConfigurer : Global AuthenticationManager configured with UserDetailsService bean with name inMemoryUserDetailsManager
2026-06-20T17:12:21.874-04:00  INFO 1596 --- [pedido] [main] o.s.b.a.e.web.EndpointLinksResolver      : Exposing 2 endpoints beneath base path '/actuator'
2026-06-20T17:12:22.447-04:00  INFO 1596 --- [pedido] [main] DiscoveryClientOptionalArgsConfiguration : Eureka HTTP Client uses RestTemplate.
2026-06-20T17:12:22.523-04:00  WARN 1596 --- [pedido] [main] iguration$LoadBalancerCaffeineWarnLogger : Spring Cloud LoadBalancer is currently working with the default cache. While this cache implementation is useful for development and tests, it's recommended to use Caffeine cache in production.You can switch to using Caffeine cache, by adding it and org.springframework.cache.caffeine.CaffeineCacheManager to the classpath.
2026-06-20T17:12:22.651-04:00  INFO 1596 --- [pedido] [main] o.s.c.n.eureka.InstanceInfoFactory       : Setting initial instance status as: STARTING
2026-06-20T17:12:22.704-04:00  INFO 1596 --- [pedido] [main] com.netflix.discovery.DiscoveryClient    : Initializing Eureka in region us-east-1
2026-06-20T17:12:22.737-04:00  INFO 1596 --- [pedido] [main] c.n.d.s.r.aws.ConfigClusterResolver      : Resolving eureka endpoints via configuration
2026-06-20T17:12:22.777-04:00  INFO 1596 --- [pedido] [main] com.netflix.discovery.DiscoveryClient    : Disable delta property : false
2026-06-20T17:12:22.779-04:00  INFO 1596 --- [pedido] [main] com.netflix.discovery.DiscoveryClient    : Single vip registry refresh property : null
2026-06-20T17:12:22.779-04:00  INFO 1596 --- [pedido] [main] com.netflix.discovery.DiscoveryClient    : Force full registry fetch : false
2026-06-20T17:12:22.780-04:00  INFO 1596 --- [pedido] [main] com.netflix.discovery.DiscoveryClient    : Application is null : false
2026-06-20T17:12:22.784-04:00  INFO 1596 --- [pedido] [main] com.netflix.discovery.DiscoveryClient    : Registered Applications size is zero : true
2026-06-20T17:12:22.787-04:00  INFO 1596 --- [pedido] [main] com.netflix.discovery.DiscoveryClient    : Application version is -1: true
2026-06-20T17:12:22.802-04:00  INFO 1596 --- [pedido] [main] com.netflix.discovery.DiscoveryClient    : Getting all instance registry info from the eureka server
2026-06-20T17:12:23.441-04:00  INFO 1596 --- [pedido] [main] com.netflix.discovery.DiscoveryClient    : The response status is 200
2026-06-20T17:12:23.444-04:00  INFO 1596 --- [pedido] [main] com.netflix.discovery.DiscoveryClient    : Starting heartbeat executor: renew interval is: 30
2026-06-20T17:12:23.447-04:00  INFO 1596 --- [pedido] [main] c.n.discovery.InstanceInfoReplicator     : InstanceInfoReplicator onDemand update allowed rate per min is 4
2026-06-20T17:12:23.453-04:00  INFO 1596 --- [pedido] [main] com.netflix.discovery.DiscoveryClient    : Discovery Client initialized at timestamp 1781989943450 with initial instances count: 4
2026-06-20T17:12:23.461-04:00  INFO 1596 --- [pedido] [main] o.s.c.n.e.s.EurekaServiceRegistry        : Registering application PEDIDO with eureka with status UP
2026-06-20T17:12:23.462-04:00  INFO 1596 --- [pedido] [main] com.netflix.discovery.DiscoveryClient    : Saw local status change event StatusChangeEvent [timestamp=1781989943462, current=UP, previous=STARTING]
2026-06-20T17:12:23.467-04:00  INFO 1596 --- [pedido] [DiscoveryClient-InstanceInfoReplicator-%d] com.netflix.discovery.DiscoveryClient    : DiscoveryClient_PEDIDO/pedido:8086: registering service...
2026-06-20T17:12:23.509-04:00  INFO 1596 --- [pedido] [main] o.s.b.w.embedded.tomcat.TomcatWebServer  : Tomcat started on port 8086 (http) with context path '/'
2026-06-20T17:12:23.511-04:00  INFO 1596 --- [pedido] [main] .s.c.n.e.s.EurekaAutoServiceRegistration : Updating port to 8086
2026-06-20T17:12:23.550-04:00  INFO 1596 --- [pedido] [main] cl.duoc.pedido.PedidoApplication         : Started PedidoApplication in 10.259 seconds (process running for 11.416)
2026-06-20T17:12:23.554-04:00  INFO 1596 --- [pedido] [DiscoveryClient-InstanceInfoReplicator-%d] com.netflix.discovery.DiscoveryClient    : DiscoveryClient_PEDIDO/pedido:8086 - registration status: 204
2026-06-20T17:16:26.630-04:00  INFO 1596 --- [pedido] [http-nio-8086-exec-1] o.a.c.c.C.[Tomcat].[localhost].[/]       : Initializing Spring DispatcherServlet 'dispatcherServlet'
2026-06-20T17:16:26.631-04:00  INFO 1596 --- [pedido] [http-nio-8086-exec-1] o.s.web.servlet.DispatcherServlet        : Initializing Servlet 'dispatcherServlet'
2026-06-20T17:16:26.638-04:00  INFO 1596 --- [pedido] [http-nio-8086-exec-1] o.s.web.servlet.DispatcherServlet        : Completed initialization in 6 ms
2026-06-20T17:16:27.451-04:00  INFO 1596 --- [pedido] [http-nio-8086-exec-1] c.d.pedido.controller.OrderController    : Creando pedido para usuario 1
2026-06-20T17:16:27.452-04:00  INFO 1596 --- [pedido] [http-nio-8086-exec-1] cl.duoc.pedido.service.OrderService      : Creando pedido para usuario 1
2026-06-20T17:16:31.340-04:00 ERROR 1596 --- [pedido] [http-nio-8086-exec-1] c.d.p.e.handler.GlobalExceptionHandler   : Error inesperado

org.springframework.web.reactive.function.client.WebClientResponseException$InternalServerError: 500 Internal Server Error from GET http://172.20.64.1:8082/api/cart
	at org.springframework.web.reactive.function.client.WebClientResponseException.create(WebClientResponseException.java:332) ~[spring-webflux-6.2.8.jar:6.2.8]
	Suppressed: reactor.core.publisher.FluxOnAssembly$OnAssemblyException: 
Error has been observed at the following site(s):
	*__checkpoint ⇢ 500 INTERNAL_SERVER_ERROR from GET http://cart/api/cart [DefaultWebClient]
Original Stack Trace:
		at org.springframework.web.reactive.function.client.WebClientResponseException.create(WebClientResponseException.java:332) ~[spring-webflux-6.2.8.jar:6.2.8]
		at org.springframework.web.reactive.function.client.DefaultClientResponse.lambda$createException$1(DefaultClientResponse.java:214) ~[spring-webflux-6.2.8.jar:6.2.8]
		at reactor.core.publisher.FluxMap$MapSubscriber.onNext(FluxMap.java:106) ~[reactor-core-3.7.7.jar:3.7.7]
		at reactor.core.publisher.FluxOnErrorReturn$ReturnSubscriber.onNext(FluxOnErrorReturn.java:162) ~[reactor-core-3.7.7.jar:3.7.7]
		at reactor.core.publisher.FluxDefaultIfEmpty$DefaultIfEmptySubscriber.onNext(FluxDefaultIfEmpty.java:122) ~[reactor-core-3.7.7.jar:3.7.7]
		at reactor.core.publisher.FluxMapFuseable$MapFuseableSubscriber.onNext(FluxMapFuseable.java:129) ~[reactor-core-3.7.7.jar:3.7.7]
		at reactor.core.publisher.FluxContextWrite$ContextWriteSubscriber.onNext(FluxContextWrite.java:107) ~[reactor-core-3.7.7.jar:3.7.7]
		at reactor.core.publisher.FluxMapFuseable$MapFuseableConditionalSubscriber.onNext(FluxMapFuseable.java:299) ~[reactor-core-3.7.7.jar:3.7.7]
		at reactor.core.publisher.FluxFilterFuseable$FilterFuseableConditionalSubscriber.onNext(FluxFilterFuseable.java:337) ~[reactor-core-3.7.7.jar:3.7.7]
		at reactor.core.publisher.Operators$BaseFluxToMonoOperator.completePossiblyEmpty(Operators.java:2096) ~[reactor-core-3.7.7.jar:3.7.7]
		at reactor.core.publisher.MonoCollect$CollectSubscriber.onComplete(MonoCollect.java:145) ~[reactor-core-3.7.7.jar:3.7.7]
		at reactor.core.publisher.FluxMap$MapSubscriber.onComplete(FluxMap.java:144) ~[reactor-core-3.7.7.jar:3.7.7]
		at reactor.core.publisher.FluxPeek$PeekSubscriber.onComplete(FluxPeek.java:260) ~[reactor-core-3.7.7.jar:3.7.7]
		at reactor.core.publisher.FluxMap$MapSubscriber.onComplete(FluxMap.java:144) ~[reactor-core-3.7.7.jar:3.7.7]
		at reactor.netty.channel.FluxReceive.onInboundComplete(FluxReceive.java:413) ~[reactor-netty-core-1.2.7.jar:1.2.7]
		at reactor.netty.channel.ChannelOperations.onInboundComplete(ChannelOperations.java:455) ~[reactor-netty-core-1.2.7.jar:1.2.7]
		at reactor.netty.channel.ChannelOperations.terminate(ChannelOperations.java:509) ~[reactor-netty-core-1.2.7.jar:1.2.7]
		at reactor.netty.http.client.HttpClientOperations.onInboundNext(HttpClientOperations.java:821) ~[reactor-netty-http-1.2.7.jar:1.2.7]
		at reactor.netty.channel.ChannelOperationsHandler.channelRead(ChannelOperationsHandler.java:115) ~[reactor-netty-core-1.2.7.jar:1.2.7]
		at io.netty.channel.AbstractChannelHandlerContext.invokeChannelRead(AbstractChannelHandlerContext.java:444) ~[netty-transport-4.1.122.Final.jar:4.1.122.Final]
		at io.netty.channel.AbstractChannelHandlerContext.invokeChannelRead(AbstractChannelHandlerContext.java:420) ~[netty-transport-4.1.122.Final.jar:4.1.122.Final]
		at io.netty.channel.AbstractChannelHandlerContext.fireChannelRead(AbstractChannelHandlerContext.java:412) ~[netty-transport-4.1.122.Final.jar:4.1.122.Final]
		at io.netty.handler.codec.MessageToMessageDecoder.channelRead(MessageToMessageDecoder.java:107) ~[netty-codec-4.1.122.Final.jar:4.1.122.Final]
		at io.netty.channel.AbstractChannelHandlerContext.invokeChannelRead(AbstractChannelHandlerContext.java:444) ~[netty-transport-4.1.122.Final.jar:4.1.122.Final]
		at io.netty.channel.AbstractChannelHandlerContext.invokeChannelRead(AbstractChannelHandlerContext.java:420) ~[netty-transport-4.1.122.Final.jar:4.1.122.Final]
		at io.netty.channel.AbstractChannelHandlerContext.fireChannelRead(AbstractChannelHandlerContext.java:412) ~[netty-transport-4.1.122.Final.jar:4.1.122.Final]
		at io.netty.channel.CombinedChannelDuplexHandler$DelegatingChannelHandlerContext.fireChannelRead(CombinedChannelDuplexHandler.java:436) ~[netty-transport-4.1.122.Final.jar:4.1.122.Final]
		at io.netty.handler.codec.ByteToMessageDecoder.fireChannelRead(ByteToMessageDecoder.java:346) ~[netty-codec-4.1.122.Final.jar:4.1.122.Final]
		at io.netty.handler.codec.ByteToMessageDecoder.channelRead(ByteToMessageDecoder.java:318) ~[netty-codec-4.1.122.Final.jar:4.1.122.Final]
		at io.netty.channel.CombinedChannelDuplexHandler.channelRead(CombinedChannelDuplexHandler.java:251) ~[netty-transport-4.1.122.Final.jar:4.1.122.Final]
		at io.netty.channel.AbstractChannelHandlerContext.invokeChannelRead(AbstractChannelHandlerContext.java:442) ~[netty-transport-4.1.122.Final.jar:4.1.122.Final]
		at io.netty.channel.AbstractChannelHandlerContext.invokeChannelRead(AbstractChannelHandlerContext.java:420) ~[netty-transport-4.1.122.Final.jar:4.1.122.Final]
		at io.netty.channel.AbstractChannelHandlerContext.fireChannelRead(AbstractChannelHandlerContext.java:412) ~[netty-transport-4.1.122.Final.jar:4.1.122.Final]
		at io.netty.channel.DefaultChannelPipeline$HeadContext.channelRead(DefaultChannelPipeline.java:1357) ~[netty-transport-4.1.122.Final.jar:4.1.122.Final]
		at io.netty.channel.AbstractChannelHandlerContext.invokeChannelRead(AbstractChannelHandlerContext.java:440) ~[netty-transport-4.1.122.Final.jar:4.1.122.Final]
		at io.netty.channel.AbstractChannelHandlerContext.invokeChannelRead(AbstractChannelHandlerContext.java:420) ~[netty-transport-4.1.122.Final.jar:4.1.122.Final]
		at io.netty.channel.DefaultChannelPipeline.fireChannelRead(DefaultChannelPipeline.java:868) ~[netty-transport-4.1.122.Final.jar:4.1.122.Final]
		at io.netty.channel.nio.AbstractNioByteChannel$NioByteUnsafe.read(AbstractNioByteChannel.java:166) ~[netty-transport-4.1.122.Final.jar:4.1.122.Final]
		at io.netty.channel.nio.NioEventLoop.processSelectedKey(NioEventLoop.java:796) ~[netty-transport-4.1.122.Final.jar:4.1.122.Final]
		at io.netty.channel.nio.NioEventLoop.processSelectedKeysOptimized(NioEventLoop.java:732) ~[netty-transport-4.1.122.Final.jar:4.1.122.Final]
		at io.netty.channel.nio.NioEventLoop.processSelectedKeys(NioEventLoop.java:658) ~[netty-transport-4.1.122.Final.jar:4.1.122.Final]
		at io.netty.channel.nio.NioEventLoop.run(NioEventLoop.java:562) ~[netty-transport-4.1.122.Final.jar:4.1.122.Final]
		at io.netty.util.concurrent.SingleThreadEventExecutor$4.run(SingleThreadEventExecutor.java:998) ~[netty-common-4.1.122.Final.jar:4.1.122.Final]
		at io.netty.util.internal.ThreadExecutorMap$2.run(ThreadExecutorMap.java:74) ~[netty-common-4.1.122.Final.jar:4.1.122.Final]
		at io.netty.util.concurrent.FastThreadLocalRunnable.run(FastThreadLocalRunnable.java:30) ~[netty-common-4.1.122.Final.jar:4.1.122.Final]
		at java.base/java.lang.Thread.run(Thread.java:1583) ~[na:na]
	Suppressed: java.lang.Exception: #block terminated with an error
		at reactor.core.publisher.BlockingSingleSubscriber.blockingGet(BlockingSingleSubscriber.java:104) ~[reactor-core-3.7.7.jar:3.7.7]
		at reactor.core.publisher.Mono.block(Mono.java:1779) ~[reactor-core-3.7.7.jar:3.7.7]
		at cl.duoc.pedido.Client.CartClient.getCartItems(CartClient.java:43) ~[classes/:na]
		at cl.duoc.pedido.service.OrderService.createOrder(OrderService.java:60) ~[classes/:na]
		at cl.duoc.pedido.controller.OrderController.createOrder(OrderController.java:40) ~[classes/:na]
		at java.base/jdk.internal.reflect.DirectMethodHandleAccessor.invoke(DirectMethodHandleAccessor.java:103) ~[na:na]
		at java.base/java.lang.reflect.Method.invoke(Method.java:580) ~[na:na]
		at org.springframework.web.method.support.InvocableHandlerMethod.doInvoke(InvocableHandlerMethod.java:258) ~[spring-web-6.2.8.jar:6.2.8]
		at org.springframework.web.method.support.InvocableHandlerMethod.invokeForRequest(InvocableHandlerMethod.java:191) ~[spring-web-6.2.8.jar:6.2.8]
		at org.springframework.web.servlet.mvc.method.annotation.ServletInvocableHandlerMethod.invokeAndHandle(ServletInvocableHandlerMethod.java:118) ~[spring-webmvc-6.2.8.jar:6.2.8]
		at org.springframework.web.servlet.mvc.method.annotation.RequestMappingHandlerAdapter.invokeHandlerMethod(RequestMappingHandlerAdapter.java:986) ~[spring-webmvc-6.2.8.jar:6.2.8]
		at org.springframework.web.servlet.mvc.method.annotation.RequestMappingHandlerAdapter.handleInternal(RequestMappingHandlerAdapter.java:891) ~[spring-webmvc-6.2.8.jar:6.2.8]
		at org.springframework.web.servlet.mvc.method.AbstractHandlerMethodAdapter.handle(AbstractHandlerMethodAdapter.java:87) ~[spring-webmvc-6.2.8.jar:6.2.8]
		at org.springframework.web.servlet.DispatcherServlet.doDispatch(DispatcherServlet.java:1089) ~[spring-webmvc-6.2.8.jar:6.2.8]
		at org.springframework.web.servlet.DispatcherServlet.doService(DispatcherServlet.java:979) ~[spring-webmvc-6.2.8.jar:6.2.8]
		at org.springframework.web.servlet.FrameworkServlet.processRequest(FrameworkServlet.java:1014) ~[spring-webmvc-6.2.8.jar:6.2.8]
		at org.springframework.web.servlet.FrameworkServlet.doPost(FrameworkServlet.java:914) ~[spring-webmvc-6.2.8.jar:6.2.8]
		at jakarta.servlet.http.HttpServlet.service(HttpServlet.java:590) ~[tomcat-embed-core-10.1.42.jar:6.0]
		at org.springframework.web.servlet.FrameworkServlet.service(FrameworkServlet.java:885) ~[spring-webmvc-6.2.8.jar:6.2.8]
		at jakarta.servlet.http.HttpServlet.service(HttpServlet.java:658) ~[tomcat-embed-core-10.1.42.jar:6.0]
		at org.apache.catalina.core.ApplicationFilterChain.internalDoFilter(ApplicationFilterChain.java:195) ~[tomcat-embed-core-10.1.42.jar:10.1.42]
		at org.apache.catalina.core.ApplicationFilterChain.doFilter(ApplicationFilterChain.java:140) ~[tomcat-embed-core-10.1.42.jar:10.1.42]
		at org.apache.tomcat.websocket.server.WsFilter.doFilter(WsFilter.java:51) ~[tomcat-embed-websocket-10.1.42.jar:10.1.42]
		at org.apache.catalina.core.ApplicationFilterChain.internalDoFilter(ApplicationFilterChain.java:164) ~[tomcat-embed-core-10.1.42.jar:10.1.42]
		at org.apache.catalina.core.ApplicationFilterChain.doFilter(ApplicationFilterChain.java:140) ~[tomcat-embed-core-10.1.42.jar:10.1.42]
		at org.springframework.web.filter.OncePerRequestFilter.doFilter(OncePerRequestFilter.java:110) ~[spring-web-6.2.8.jar:6.2.8]
		at org.apache.catalina.core.ApplicationFilterChain.internalDoFilter(ApplicationFilterChain.java:164) ~[tomcat-embed-core-10.1.42.jar:10.1.42]
		at org.apache.catalina.core.ApplicationFilterChain.doFilter(ApplicationFilterChain.java:140) ~[tomcat-embed-core-10.1.42.jar:10.1.42]
		at org.springframework.web.filter.CompositeFilter$VirtualFilterChain.doFilter(CompositeFilter.java:108) ~[spring-web-6.2.8.jar:6.2.8]
		at org.springframework.web.filter.CompositeFilter$VirtualFilterChain.doFilter(CompositeFilter.java:108) ~[spring-web-6.2.8.jar:6.2.8]
		at org.springframework.security.web.FilterChainProxy.lambda$doFilterInternal$3(FilterChainProxy.java:231) ~[spring-security-web-6.5.1.jar:6.5.1]
		at org.springframework.security.web.ObservationFilterChainDecorator$FilterObservation$SimpleFilterObservation.lambda$wrap$1(ObservationFilterChainDecorator.java:479) ~[spring-security-web-6.5.1.jar:6.5.1]
		at org.springframework.security.web.ObservationFilterChainDecorator$AroundFilterObservation$SimpleAroundFilterObservation.lambda$wrap$1(ObservationFilterChainDecorator.java:340) ~[spring-security-web-6.5.1.jar:6.5.1]
		at org.springframework.security.web.ObservationFilterChainDecorator.lambda$wrapSecured$0(ObservationFilterChainDecorator.java:82) ~[spring-security-web-6.5.1.jar:6.5.1]
		at org.springframework.security.web.ObservationFilterChainDecorator$VirtualFilterChain.doFilter(ObservationFilterChainDecorator.java:128) ~[spring-security-web-6.5.1.jar:6.5.1]
		at org.springframework.security.web.access.intercept.AuthorizationFilter.doFilter(AuthorizationFilter.java:101) ~[spring-security-web-6.5.1.jar:6.5.1]
		at org.springframework.security.web.ObservationFilterChainDecorator$ObservationFilter.wrapFilter(ObservationFilterChainDecorator.java:240) ~[spring-security-web-6.5.1.jar:6.5.1]
		at org.springframework.security.web.ObservationFilterChainDecorator$ObservationFilter.doFilter(ObservationFilterChainDecorator.java:227) ~[spring-security-web-6.5.1.jar:6.5.1]
		at org.springframework.security.web.ObservationFilterChainDecorator$VirtualFilterChain.doFilter(ObservationFilterChainDecorator.java:137) ~[spring-security-web-6.5.1.jar:6.5.1]
		at org.springframework.security.web.access.ExceptionTranslationFilter.doFilter(ExceptionTranslationFilter.java:125) ~[spring-security-web-6.5.1.jar:6.5.1]
		at org.springframework.security.web.access.ExceptionTranslationFilter.doFilter(ExceptionTranslationFilter.java:119) ~[spring-security-web-6.5.1.jar:6.5.1]
		at org.springframework.security.web.ObservationFilterChainDecorator$ObservationFilter.wrapFilter(ObservationFilterChainDecorator.java:240) ~[spring-security-web-6.5.1.jar:6.5.1]
		at org.springframework.security.web.ObservationFilterChainDecorator$ObservationFilter.doFilter(ObservationFilterChainDecorator.java:227) ~[spring-security-web-6.5.1.jar:6.5.1]
		at org.springframework.security.web.ObservationFilterChainDecorator$VirtualFilterChain.doFilter(ObservationFilterChainDecorator.java:137) ~[spring-security-web-6.5.1.jar:6.5.1]
		at org.springframework.security.web.session.SessionManagementFilter.doFilter(SessionManagementFilter.java:131) ~[spring-security-web-6.5.1.jar:6.5.1]
		at org.springframework.security.web.session.SessionManagementFilter.doFilter(SessionManagementFilter.java:85) ~[spring-security-web-6.5.1.jar:6.5.1]
		at org.springframework.security.web.ObservationFilterChainDecorator$ObservationFilter.wrapFilter(ObservationFilterChainDecorator.java:240) ~[spring-security-web-6.5.1.jar:6.5.1]
		at org.springframework.security.web.ObservationFilterChainDecorator$ObservationFilter.doFilter(ObservationFilterChainDecorator.java:227) ~[spring-security-web-6.5.1.jar:6.5.1]
		at org.springframework.security.web.ObservationFilterChainDecorator$VirtualFilterChain.doFilter(ObservationFilterChainDecorator.java:137) ~[spring-security-web-6.5.1.jar:6.5.1]
		at org.springframework.security.web.authentication.AnonymousAuthenticationFilter.doFilter(AnonymousAuthenticationFilter.java:100) ~[spring-security-web-6.5.1.jar:6.5.1]
		at org.springframework.security.web.ObservationFilterChainDecorator$ObservationFilter.wrapFilter(ObservationFilterChainDecorator.java:240) ~[spring-security-web-6.5.1.jar:6.5.1]
		at org.springframework.security.web.ObservationFilterChainDecorator$ObservationFilter.doFilter(ObservationFilterChainDecorator.java:227) ~[spring-security-web-6.5.1.jar:6.5.1]
		at org.springframework.security.web.ObservationFilterChainDecorator$VirtualFilterChain.doFilter(ObservationFilterChainDecorator.java:137) ~[spring-security-web-6.5.1.jar:6.5.1]
		at org.springframework.security.web.servletapi.SecurityContextHolderAwareRequestFilter.doFilter(SecurityContextHolderAwareRequestFilter.java:179) ~[spring-security-web-6.5.1.jar:6.5.1]
		at org.springframework.security.web.ObservationFilterChainDecorator$ObservationFilter.wrapFilter(ObservationFilterChainDecorator.java:240) ~[spring-security-web-6.5.1.jar:6.5.1]
		at org.springframework.security.web.ObservationFilterChainDecorator$ObservationFilter.doFilter(ObservationFilterChainDecorator.java:227) ~[spring-security-web-6.5.1.jar:6.5.1]
		at org.springframework.security.web.ObservationFilterChainDecorator$VirtualFilterChain.doFilter(ObservationFilterChainDecorator.java:137) ~[spring-security-web-6.5.1.jar:6.5.1]
		at org.springframework.security.web.savedrequest.RequestCacheAwareFilter.doFilter(RequestCacheAwareFilter.java:63) ~[spring-security-web-6.5.1.jar:6.5.1]
		at org.springframework.security.web.ObservationFilterChainDecorator$ObservationFilter.wrapFilter(ObservationFilterChainDecorator.java:240) ~[spring-security-web-6.5.1.jar:6.5.1]
		at org.springframework.security.web.ObservationFilterChainDecorator$ObservationFilter.doFilter(ObservationFilterChainDecorator.java:227) ~[spring-security-web-6.5.1.jar:6.5.1]
		at org.springframework.security.web.ObservationFilterChainDecorator$VirtualFilterChain.doFilter(ObservationFilterChainDecorator.java:137) ~[spring-security-web-6.5.1.jar:6.5.1]
		at cl.duoc.pedido.security.JwtAuthFilter.doFilterInternal(JwtAuthFilter.java:67) ~[classes/:na]
		at org.springframework.web.filter.OncePerRequestFilter.doFilter(OncePerRequestFilter.java:116) ~[spring-web-6.2.8.jar:6.2.8]
		at org.springframework.security.web.ObservationFilterChainDecorator$ObservationFilter.wrapFilter(ObservationFilterChainDecorator.java:240) ~[spring-security-web-6.5.1.jar:6.5.1]
		at org.springframework.security.web.ObservationFilterChainDecorator$ObservationFilter.doFilter(ObservationFilterChainDecorator.java:227) ~[spring-security-web-6.5.1.jar:6.5.1]
		at org.springframework.security.web.ObservationFilterChainDecorator$VirtualFilterChain.doFilter(ObservationFilterChainDecorator.java:137) ~[spring-security-web-6.5.1.jar:6.5.1]
		at org.springframework.security.web.authentication.logout.LogoutFilter.doFilter(LogoutFilter.java:107) ~[spring-security-web-6.5.1.jar:6.5.1]
		at org.springframework.security.web.authentication.logout.LogoutFilter.doFilter(LogoutFilter.java:93) ~[spring-security-web-6.5.1.jar:6.5.1]
		at org.springframework.security.web.ObservationFilterChainDecorator$ObservationFilter.wrapFilter(ObservationFilterChainDecorator.java:240) ~[spring-security-web-6.5.1.jar:6.5.1]
		at org.springframework.security.web.ObservationFilterChainDecorator$ObservationFilter.doFilter(ObservationFilterChainDecorator.java:227) ~[spring-security-web-6.5.1.jar:6.5.1]
		at org.springframework.security.web.ObservationFilterChainDecorator$VirtualFilterChain.doFilter(ObservationFilterChainDecorator.java:137) ~[spring-security-web-6.5.1.jar:6.5.1]
		at org.springframework.security.web.header.HeaderWriterFilter.doHeadersAfter(HeaderWriterFilter.java:90) ~[spring-security-web-6.5.1.jar:6.5.1]
		at org.springframework.security.web.header.HeaderWriterFilter.doFilterInternal(HeaderWriterFilter.java:75) ~[spring-security-web-6.5.1.jar:6.5.1]
		at org.springframework.web.filter.OncePerRequestFilter.doFilter(OncePerRequestFilter.java:116) ~[spring-web-6.2.8.jar:6.2.8]
		at org.springframework.security.web.ObservationFilterChainDecorator$ObservationFilter.wrapFilter(ObservationFilterChainDecorator.java:240) ~[spring-security-web-6.5.1.jar:6.5.1]
		at org.springframework.security.web.ObservationFilterChainDecorator$ObservationFilter.doFilter(ObservationFilterChainDecorator.java:227) ~[spring-security-web-6.5.1.jar:6.5.1]
		at org.springframework.security.web.ObservationFilterChainDecorator$VirtualFilterChain.doFilter(ObservationFilterChainDecorator.java:137) ~[spring-security-web-6.5.1.jar:6.5.1]
		at org.springframework.security.web.context.SecurityContextHolderFilter.doFilter(SecurityContextHolderFilter.java:82) ~[spring-security-web-6.5.1.jar:6.5.1]
		at org.springframework.security.web.context.SecurityContextHolderFilter.doFilter(SecurityContextHolderFilter.java:69) ~[spring-security-web-6.5.1.jar:6.5.1]
		at org.springframework.security.web.ObservationFilterChainDecorator$ObservationFilter.wrapFilter(ObservationFilterChainDecorator.java:240) ~[spring-security-web-6.5.1.jar:6.5.1]
		at org.springframework.security.web.ObservationFilterChainDecorator$ObservationFilter.doFilter(ObservationFilterChainDecorator.java:227) ~[spring-security-web-6.5.1.jar:6.5.1]
		at org.springframework.security.web.ObservationFilterChainDecorator$VirtualFilterChain.doFilter(ObservationFilterChainDecorator.java:137) ~[spring-security-web-6.5.1.jar:6.5.1]
		at org.springframework.security.web.context.request.async.WebAsyncManagerIntegrationFilter.doFilterInternal(WebAsyncManagerIntegrationFilter.java:62) ~[spring-security-web-6.5.1.jar:6.5.1]
		at org.springframework.web.filter.OncePerRequestFilter.doFilter(OncePerRequestFilter.java:116) ~[spring-web-6.2.8.jar:6.2.8]
		at org.springframework.security.web.ObservationFilterChainDecorator$ObservationFilter.wrapFilter(ObservationFilterChainDecorator.java:240) ~[spring-security-web-6.5.1.jar:6.5.1]
		at org.springframework.security.web.ObservationFilterChainDecorator$ObservationFilter.doFilter(ObservationFilterChainDecorator.java:227) ~[spring-security-web-6.5.1.jar:6.5.1]
		at org.springframework.security.web.ObservationFilterChainDecorator$VirtualFilterChain.doFilter(ObservationFilterChainDecorator.java:137) ~[spring-security-web-6.5.1.jar:6.5.1]
		at org.springframework.security.web.session.DisableEncodeUrlFilter.doFilterInternal(DisableEncodeUrlFilter.java:42) ~[spring-security-web-6.5.1.jar:6.5.1]
		at org.springframework.web.filter.OncePerRequestFilter.doFilter(OncePerRequestFilter.java:116) ~[spring-web-6.2.8.jar:6.2.8]
		at org.springframework.security.web.ObservationFilterChainDecorator$ObservationFilter.wrapFilter(ObservationFilterChainDecorator.java:240) ~[spring-security-web-6.5.1.jar:6.5.1]
		at org.springframework.security.web.ObservationFilterChainDecorator$AroundFilterObservation$SimpleAroundFilterObservation.lambda$wrap$0(ObservationFilterChainDecorator.java:323) ~[spring-security-web-6.5.1.jar:6.5.1]
		at org.springframework.security.web.ObservationFilterChainDecorator$ObservationFilter.doFilter(ObservationFilterChainDecorator.java:224) ~[spring-security-web-6.5.1.jar:6.5.1]
		at org.springframework.security.web.ObservationFilterChainDecorator$VirtualFilterChain.doFilter(ObservationFilterChainDecorator.java:137) ~[spring-security-web-6.5.1.jar:6.5.1]
		at org.springframework.security.web.FilterChainProxy.doFilterInternal(FilterChainProxy.java:233) ~[spring-security-web-6.5.1.jar:6.5.1]
		at org.springframework.security.web.FilterChainProxy.doFilter(FilterChainProxy.java:191) ~[spring-security-web-6.5.1.jar:6.5.1]
		at org.springframework.web.filter.CompositeFilter$VirtualFilterChain.doFilter(CompositeFilter.java:113) ~[spring-web-6.2.8.jar:6.2.8]
		at org.springframework.web.filter.ServletRequestPathFilter.doFilter(ServletRequestPathFilter.java:52) ~[spring-web-6.2.8.jar:6.2.8]
		at org.springframework.web.filter.CompositeFilter$VirtualFilterChain.doFilter(CompositeFilter.java:113) ~[spring-web-6.2.8.jar:6.2.8]
		at org.springframework.web.filter.CompositeFilter.doFilter(CompositeFilter.java:74) ~[spring-web-6.2.8.jar:6.2.8]
		at org.springframework.security.config.annotation.web.configuration.WebSecurityConfiguration$CompositeFilterChainProxy.doFilter(WebSecurityConfiguration.java:319) ~[spring-security-config-6.5.1.jar:6.5.1]
		at org.springframework.web.filter.CompositeFilter$VirtualFilterChain.doFilter(CompositeFilter.java:113) ~[spring-web-6.2.8.jar:6.2.8]
		at org.springframework.web.servlet.handler.HandlerMappingIntrospector.lambda$createCacheFilter$4(HandlerMappingIntrospector.java:267) ~[spring-webmvc-6.2.8.jar:6.2.8]
		at org.springframework.web.filter.CompositeFilter$VirtualFilterChain.doFilter(CompositeFilter.java:113) ~[spring-web-6.2.8.jar:6.2.8]
		at org.springframework.web.filter.CompositeFilter.doFilter(CompositeFilter.java:74) ~[spring-web-6.2.8.jar:6.2.8]
		at org.springframework.security.config.annotation.web.configuration.WebMvcSecurityConfiguration$CompositeFilterChainProxy.doFilter(WebMvcSecurityConfiguration.java:240) ~[spring-security-config-6.5.1.jar:6.5.1]
		at org.springframework.web.filter.DelegatingFilterProxy.invokeDelegate(DelegatingFilterProxy.java:362) ~[spring-web-6.2.8.jar:6.2.8]
		at org.springframework.web.filter.DelegatingFilterProxy.doFilter(DelegatingFilterProxy.java:278) ~[spring-web-6.2.8.jar:6.2.8]
		at org.apache.catalina.core.ApplicationFilterChain.internalDoFilter(ApplicationFilterChain.java:164) ~[tomcat-embed-core-10.1.42.jar:10.1.42]
		at org.apache.catalina.core.ApplicationFilterChain.doFilter(ApplicationFilterChain.java:140) ~[tomcat-embed-core-10.1.42.jar:10.1.42]
		at org.springframework.web.filter.RequestContextFilter.doFilterInternal(RequestContextFilter.java:100) ~[spring-web-6.2.8.jar:6.2.8]
		at org.springframework.web.filter.OncePerRequestFilter.doFilter(OncePerRequestFilter.java:116) ~[spring-web-6.2.8.jar:6.2.8]
		at org.apache.catalina.core.ApplicationFilterChain.internalDoFilter(ApplicationFilterChain.java:164) ~[tomcat-embed-core-10.1.42.jar:10.1.42]
		at org.apache.catalina.core.ApplicationFilterChain.doFilter(ApplicationFilterChain.java:140) ~[tomcat-embed-core-10.1.42.jar:10.1.42]
		at org.springframework.web.filter.FormContentFilter.doFilterInternal(FormContentFilter.java:93) ~[spring-web-6.2.8.jar:6.2.8]
		at org.springframework.web.filter.OncePerRequestFilter.doFilter(OncePerRequestFilter.java:116) ~[spring-web-6.2.8.jar:6.2.8]
		at org.apache.catalina.core.ApplicationFilterChain.internalDoFilter(ApplicationFilterChain.java:164) ~[tomcat-embed-core-10.1.42.jar:10.1.42]
		at org.apache.catalina.core.ApplicationFilterChain.doFilter(ApplicationFilterChain.java:140) ~[tomcat-embed-core-10.1.42.jar:10.1.42]
		at org.springframework.web.filter.ServerHttpObservationFilter.doFilterInternal(ServerHttpObservationFilter.java:114) ~[spring-web-6.2.8.jar:6.2.8]
		at org.springframework.web.filter.OncePerRequestFilter.doFilter(OncePerRequestFilter.java:116) ~[spring-web-6.2.8.jar:6.2.8]
		at org.apache.catalina.core.ApplicationFilterChain.internalDoFilter(ApplicationFilterChain.java:164) ~[tomcat-embed-core-10.1.42.jar:10.1.42]
		at org.apache.catalina.core.ApplicationFilterChain.doFilter(ApplicationFilterChain.java:140) ~[tomcat-embed-core-10.1.42.jar:10.1.42]
		at org.springframework.web.filter.CharacterEncodingFilter.doFilterInternal(CharacterEncodingFilter.java:201) ~[spring-web-6.2.8.jar:6.2.8]
		at org.springframework.web.filter.OncePerRequestFilter.doFilter(OncePerRequestFilter.java:116) ~[spring-web-6.2.8.jar:6.2.8]
		at org.apache.catalina.core.ApplicationFilterChain.internalDoFilter(ApplicationFilterChain.java:164) ~[tomcat-embed-core-10.1.42.jar:10.1.42]
		at org.apache.catalina.core.ApplicationFilterChain.doFilter(ApplicationFilterChain.java:140) ~[tomcat-embed-core-10.1.42.jar:10.1.42]
		at org.apache.catalina.core.StandardWrapperValve.invoke(StandardWrapperValve.java:167) ~[tomcat-embed-core-10.1.42.jar:10.1.42]
		at org.apache.catalina.core.StandardContextValve.invoke(StandardContextValve.java:90) ~[tomcat-embed-core-10.1.42.jar:10.1.42]
		at org.apache.catalina.authenticator.AuthenticatorBase.invoke(AuthenticatorBase.java:483) ~[tomcat-embed-core-10.1.42.jar:10.1.42]
		at org.apache.catalina.core.StandardHostValve.invoke(StandardHostValve.java:116) ~[tomcat-embed-core-10.1.42.jar:10.1.42]
		at org.apache.catalina.valves.ErrorReportValve.invoke(ErrorReportValve.java:93) ~[tomcat-embed-core-10.1.42.jar:10.1.42]
		at org.apache.catalina.core.StandardEngineValve.invoke(StandardEngineValve.java:74) ~[tomcat-embed-core-10.1.42.jar:10.1.42]
		at org.apache.catalina.connector.CoyoteAdapter.service(CoyoteAdapter.java:344) ~[tomcat-embed-core-10.1.42.jar:10.1.42]
		at org.apache.coyote.http11.Http11Processor.service(Http11Processor.java:398) ~[tomcat-embed-core-10.1.42.jar:10.1.42]
		at org.apache.coyote.AbstractProcessorLight.process(AbstractProcessorLight.java:63) ~[tomcat-embed-core-10.1.42.jar:10.1.42]
		at org.apache.coyote.AbstractProtocol$ConnectionHandler.process(AbstractProtocol.java:903) ~[tomcat-embed-core-10.1.42.jar:10.1.42]
		at org.apache.tomcat.util.net.NioEndpoint$SocketProcessor.doRun(NioEndpoint.java:1769) ~[tomcat-embed-core-10.1.42.jar:10.1.42]
		at org.apache.tomcat.util.net.SocketProcessorBase.run(SocketProcessorBase.java:52) ~[tomcat-embed-core-10.1.42.jar:10.1.42]
		at org.apache.tomcat.util.threads.ThreadPoolExecutor.runWorker(ThreadPoolExecutor.java:1189) ~[tomcat-embed-core-10.1.42.jar:10.1.42]
		at org.apache.tomcat.util.threads.ThreadPoolExecutor$Worker.run(ThreadPoolExecutor.java:658) ~[tomcat-embed-core-10.1.42.jar:10.1.42]
		at org.apache.tomcat.util.threads.TaskThread$WrappingRunnable.run(TaskThread.java:63) ~[tomcat-embed-core-10.1.42.jar:10.1.42]
		at java.base/java.lang.Thread.run(Thread.java:1583) ~[na:na]

2026-06-20T17:17:22.818-04:00  INFO 1596 --- [pedido] [AsyncResolver-bootstrap-executor-%d] c.n.d.s.r.aws.ConfigClusterResolver      : Resolving eureka endpoints via configuration
2026-06-20T17:20:01.351-04:00  INFO 1596 --- [pedido] [SpringApplicationShutdownHook] o.s.c.n.e.s.EurekaServiceRegistry        : Unregistering application PEDIDO with eureka with status DOWN
2026-06-20T17:20:01.420-04:00  INFO 1596 --- [pedido] [SpringApplicationShutdownHook] com.netflix.discovery.DiscoveryClient    : Saw local status change event StatusChangeEvent [timestamp=1781990401420, current=DOWN, previous=UP]
2026-06-20T17:20:01.503-04:00  INFO 1596 --- [pedido] [SpringApplicationShutdownHook] o.s.b.w.e.tomcat.GracefulShutdown        : Commencing graceful shutdown. Waiting for active requests to complete
2026-06-20T17:20:01.504-04:00  INFO 1596 --- [pedido] [DiscoveryClient-InstanceInfoReplicator-%d] com.netflix.discovery.DiscoveryClient    : DiscoveryClient_PEDIDO/pedido:8086: registering service...
2026-06-20T17:20:01.541-04:00  INFO 1596 --- [pedido] [DiscoveryClient-InstanceInfoReplicator-%d] com.netflix.discovery.DiscoveryClient    : DiscoveryClient_PEDIDO/pedido:8086 - registration status: 204
2026-06-20T17:20:04.752-04:00  INFO 1596 --- [pedido] [tomcat-shutdown] o.s.b.w.e.tomcat.GracefulShutdown        : Graceful shutdown complete
